Essay,Score,Tokens,Lemmatized_Tokens,Lemmatized_Essays,Predictions
" Based on pictures, the tradition dutch windmill has more blades. Since the tradition windmill has more blades then the traditional windmill will has more difficulties to stop the blade from rotating. Based on that analogy we can say that traditional windmill has bigger moment of inertia. The lift turbine should has higher efficiency",0,"['Based', 'on', 'pictures', ',', 'the', 'tradition', 'dutch', 'windmill', 'has', 'more', 'blades', '.', 'Since', 'the', 'tradition', 'windmill', 'has', 'more', 'blades', 'then', 'the', 'traditional', 'windmill', 'will', 'has', 'more', 'difficulties', 'to', 'stop', 'the', 'blade', 'from', 'rotating', '.', 'Based', 'on', 'that', 'analogy', 'we', 'can', 'say', 'that', 'traditional', 'windmill', 'has', 'bigger', 'moment', 'of', 'inertia', '.', 'The', 'lift', 'turbine', 'should', 'has', 'higher', 'efficiency']","['Based', 'on', 'picture', ',', 'the', 'tradition', 'dutch', 'windmill', 'ha', 'more', 'blade', '.', 'Since', 'the', 'tradition', 'windmill', 'ha', 'more', 'blade', 'then', 'the', 'traditional', 'windmill', 'will', 'ha', 'more', 'difficulty', 'to', 'stop', 'the', 'blade', 'from', 'rotating', '.', 'Based', 'on', 'that', 'analogy', 'we', 'can', 'say', 'that', 'traditional', 'windmill', 'ha', 'bigger', 'moment', 'of', 'inertia', '.', 'The', 'lift', 'turbine', 'should', 'ha', 'higher', 'efficiency']","Based on picture , the tradition dutch windmill ha more blade . Since the tradition windmill ha more blade then the traditional windmill will ha more difficulty to stop the blade from rotating . Based on that analogy we can say that traditional windmill ha bigger moment of inertia . The lift turbine should ha higher efficiency",0.0
" Because of the shape of the rotor blades, which is designed to generate greater lift force and reduce drag force, the wind turbine can be more easily rotate compared to the traditional windmill",0,"['Because', 'of', 'the', 'shape', 'of', 'the', 'rotor', 'blades', ',', 'which', 'is', 'designed', 'to', 'generate', 'greater', 'lift', 'force', 'and', 'reduce', 'drag', 'force', ',', 'the', 'wind', 'turbine', 'can', 'be', 'more', 'easily', 'rotate', 'compared', 'to', 'the', 'traditional', 'windmill']","['Because', 'of', 'the', 'shape', 'of', 'the', 'rotor', 'blade', ',', 'which', 'is', 'designed', 'to', 'generate', 'greater', 'lift', 'force', 'and', 'reduce', 'drag', 'force', ',', 'the', 'wind', 'turbine', 'can', 'be', 'more', 'easily', 'rotate', 'compared', 'to', 'the', 'traditional', 'windmill']","Because of the shape of the rotor blade , which is designed to generate greater lift force and reduce drag force , the wind turbine can be more easily rotate compared to the traditional windmill",0.0
" As both materials are made from different materials, the moment of inertia would different in both cases due to the fact that the materials of the blades from the 2 wind turbines have different masses. In addition, the length of the blades would also differ, as it cannot be identically the same. The advantages of wind power generation is that the rotor embedded inside the system of the wind turbine has the capability of actually converting mechanical and kinetic energy into electrical energy. THis would then be use to generate electricity from the wind turbine.  ",0,"['As', 'both', 'materials', 'are', 'made', 'from', 'different', 'materials', ',', 'the', 'moment', 'of', 'inertia', 'would', 'different', 'in', 'both', 'cases', 'due', 'to', 'the', 'fact', 'that', 'the', 'materials', 'of', 'the', 'blades', 'from', 'the', '2', 'wind', 'turbines', 'have', 'different', 'masses', '.', 'In', 'addition', ',', 'the', 'length', 'of', 'the', 'blades', 'would', 'also', 'differ', ',', 'as', 'it', 'can', 'not', 'be', 'identically', 'the', 'same', '.', 'The', 'advantages', 'of', 'wind', 'power', 'generation', 'is', 'that', 'the', 'rotor', 'embedded', 'inside', 'the', 'system', 'of', 'the', 'wind', 'turbine', 'has', 'the', 'capability', 'of', 'actually', 'converting', 'mechanical', 'and', 'kinetic', 'energy', 'into', 'electrical', 'energy', '.', 'THis', 'would', 'then', 'be', 'use', 'to', 'generate', 'electricity', 'from', 'the', 'wind', 'turbine', '.']","['As', 'both', 'material', 'are', 'made', 'from', 'different', 'material', ',', 'the', 'moment', 'of', 'inertia', 'would', 'different', 'in', 'both', 'case', 'due', 'to', 'the', 'fact', 'that', 'the', 'material', 'of', 'the', 'blade', 'from', 'the', '2', 'wind', 'turbine', 'have', 'different', 'mass', '.', 'In', 'addition', ',', 'the', 'length', 'of', 'the', 'blade', 'would', 'also', 'differ', ',', 'a', 'it', 'can', 'not', 'be', 'identically', 'the', 'same', '.', 'The', 'advantage', 'of', 'wind', 'power', 'generation', 'is', 'that', 'the', 'rotor', 'embedded', 'inside', 'the', 'system', 'of', 'the', 'wind', 'turbine', 'ha', 'the', 'capability', 'of', 'actually', 'converting', 'mechanical', 'and', 'kinetic', 'energy', 'into', 'electrical', 'energy', '.', 'THis', 'would', 'then', 'be', 'use', 'to', 'generate', 'electricity', 'from', 'the', 'wind', 'turbine', '.']","As both material are made from different material , the moment of inertia would different in both case due to the fact that the material of the blade from the 2 wind turbine have different mass . In addition , the length of the blade would also differ , a it can not be identically the same . The advantage of wind power generation is that the rotor embedded inside the system of the wind turbine ha the capability of actually converting mechanical and kinetic energy into electrical energy . THis would then be use to generate electricity from the wind turbine .",0.0
 Rotor of wind power generation can operate at relative lower speed than traditional windmill ,0,"['Rotor', 'of', 'wind', 'power', 'generation', 'can', 'operate', 'at', 'relative', 'lower', 'speed', 'than', 'traditional', 'windmill']","['Rotor', 'of', 'wind', 'power', 'generation', 'can', 'operate', 'at', 'relative', 'lower', 'speed', 'than', 'traditional', 'windmill']",Rotor of wind power generation can operate at relative lower speed than traditional windmill,0.0
" I=1/3 M L^2 for each blade. The modern use fiber glass which strong so the material used will be small and only have three blades so the inertia will be smaller compared to traditional windmill. Modern wind turbine is more light because it has chamber inside and durable because of the rib. Because of its stregth, we could make the blade longer so the power output from the rotor is bigger",1,"['I=1/3', 'M', 'L^2', 'for', 'each', 'blade', '.', 'The', 'modern', 'use', 'fiber', 'glass', 'which', 'strong', 'so', 'the', 'material', 'used', 'will', 'be', 'small', 'and', 'only', 'have', 'three', 'blades', 'so', 'the', 'inertia', 'will', 'be', 'smaller', 'compared', 'to', 'traditional', 'windmill', '.', 'Modern', 'wind', 'turbine', 'is', 'more', 'light', 'because', 'it', 'has', 'chamber', 'inside', 'and', 'durable', 'because', 'of', 'the', 'rib', '.', 'Because', 'of', 'its', 'stregth', ',', 'we', 'could', 'make', 'the', 'blade', 'longer', 'so', 'the', 'power', 'output', 'from', 'the', 'rotor', 'is', 'bigger']","['I=1/3', 'M', 'L^2', 'for', 'each', 'blade', '.', 'The', 'modern', 'use', 'fiber', 'glass', 'which', 'strong', 'so', 'the', 'material', 'used', 'will', 'be', 'small', 'and', 'only', 'have', 'three', 'blade', 'so', 'the', 'inertia', 'will', 'be', 'smaller', 'compared', 'to', 'traditional', 'windmill', '.', 'Modern', 'wind', 'turbine', 'is', 'more', 'light', 'because', 'it', 'ha', 'chamber', 'inside', 'and', 'durable', 'because', 'of', 'the', 'rib', '.', 'Because', 'of', 'it', 'stregth', ',', 'we', 'could', 'make', 'the', 'blade', 'longer', 'so', 'the', 'power', 'output', 'from', 'the', 'rotor', 'is', 'bigger']","I=1/3 M L^2 for each blade . The modern use fiber glass which strong so the material used will be small and only have three blade so the inertia will be smaller compared to traditional windmill . Modern wind turbine is more light because it ha chamber inside and durable because of the rib . Because of it stregth , we could make the blade longer so the power output from the rotor is bigger",1.0
" Of course because of the different material and their construction, wind turbine rotor blade has less mass and weight than traditional wind rotor. This mass impact the their momen inertia, wind turbine rotor blade has smaller momen inertia than traditional. with small momen inertia, wind turbine just need smaller energy from wind to move the blade and generate the power than traditional. And because of the small moment inertia, wind turbine rotor blade velocity can be controlled more easily to maintain the velocity so we stabilize the frequency output around 50 Hz",1,"['Of', 'course', 'because', 'of', 'the', 'different', 'material', 'and', 'their', 'construction', ',', 'wind', 'turbine', 'rotor', 'blade', 'has', 'less', 'mass', 'and', 'weight', 'than', 'traditional', 'wind', 'rotor', '.', 'This', 'mass', 'impact', 'the', 'their', 'momen', 'inertia', ',', 'wind', 'turbine', 'rotor', 'blade', 'has', 'smaller', 'momen', 'inertia', 'than', 'traditional', '.', 'with', 'small', 'momen', 'inertia', ',', 'wind', 'turbine', 'just', 'need', 'smaller', 'energy', 'from', 'wind', 'to', 'move', 'the', 'blade', 'and', 'generate', 'the', 'power', 'than', 'traditional', '.', 'And', 'because', 'of', 'the', 'small', 'moment', 'inertia', ',', 'wind', 'turbine', 'rotor', 'blade', 'velocity', 'can', 'be', 'controlled', 'more', 'easily', 'to', 'maintain', 'the', 'velocity', 'so', 'we', 'stabilize', 'the', 'frequency', 'output', 'around', '50', 'Hz']","['Of', 'course', 'because', 'of', 'the', 'different', 'material', 'and', 'their', 'construction', ',', 'wind', 'turbine', 'rotor', 'blade', 'ha', 'le', 'mass', 'and', 'weight', 'than', 'traditional', 'wind', 'rotor', '.', 'This', 'mass', 'impact', 'the', 'their', 'momen', 'inertia', ',', 'wind', 'turbine', 'rotor', 'blade', 'ha', 'smaller', 'momen', 'inertia', 'than', 'traditional', '.', 'with', 'small', 'momen', 'inertia', ',', 'wind', 'turbine', 'just', 'need', 'smaller', 'energy', 'from', 'wind', 'to', 'move', 'the', 'blade', 'and', 'generate', 'the', 'power', 'than', 'traditional', '.', 'And', 'because', 'of', 'the', 'small', 'moment', 'inertia', ',', 'wind', 'turbine', 'rotor', 'blade', 'velocity', 'can', 'be', 'controlled', 'more', 'easily', 'to', 'maintain', 'the', 'velocity', 'so', 'we', 'stabilize', 'the', 'frequency', 'output', 'around', '50', 'Hz']","Of course because of the different material and their construction , wind turbine rotor blade ha le mass and weight than traditional wind rotor . This mass impact the their momen inertia , wind turbine rotor blade ha smaller momen inertia than traditional . with small momen inertia , wind turbine just need smaller energy from wind to move the blade and generate the power than traditional . And because of the small moment inertia , wind turbine rotor blade velocity can be controlled more easily to maintain the velocity so we stabilize the frequency output around 50 Hz",1.0
" Wind power generation turbine is longer but (possibly) lighter compared to windmill turbine. This results in smaller moment of inertia. Wind power is designed to be able to rotate at high speed at relatively low torque compared to windmill turbine. Wind power turbine is also long, thin, and tapered which results in a blade that's more resistant to bending and torsion and has high moment which aids in starting the turbine. ",2,"['Wind', 'power', 'generation', 'turbine', 'is', 'longer', 'but', '(', 'possibly', ')', 'lighter', 'compared', 'to', 'windmill', 'turbine', '.', 'This', 'results', 'in', 'smaller', 'moment', 'of', 'inertia', '.', 'Wind', 'power', 'is', 'designed', 'to', 'be', 'able', 'to', 'rotate', 'at', 'high', 'speed', 'at', 'relatively', 'low', 'torque', 'compared', 'to', 'windmill', 'turbine', '.', 'Wind', 'power', 'turbine', 'is', 'also', 'long', ',', 'thin', ',', 'and', 'tapered', 'which', 'results', 'in', 'a', 'blade', 'that', ""'s"", 'more', 'resistant', 'to', 'bending', 'and', 'torsion', 'and', 'has', 'high', 'moment', 'which', 'aids', 'in', 'starting', 'the', 'turbine', '.']","['Wind', 'power', 'generation', 'turbine', 'is', 'longer', 'but', '(', 'possibly', ')', 'lighter', 'compared', 'to', 'windmill', 'turbine', '.', 'This', 'result', 'in', 'smaller', 'moment', 'of', 'inertia', '.', 'Wind', 'power', 'is', 'designed', 'to', 'be', 'able', 'to', 'rotate', 'at', 'high', 'speed', 'at', 'relatively', 'low', 'torque', 'compared', 'to', 'windmill', 'turbine', '.', 'Wind', 'power', 'turbine', 'is', 'also', 'long', ',', 'thin', ',', 'and', 'tapered', 'which', 'result', 'in', 'a', 'blade', 'that', ""'s"", 'more', 'resistant', 'to', 'bending', 'and', 'torsion', 'and', 'ha', 'high', 'moment', 'which', 'aid', 'in', 'starting', 'the', 'turbine', '.']","Wind power generation turbine is longer but ( possibly ) lighter compared to windmill turbine . This result in smaller moment of inertia . Wind power is designed to be able to rotate at high speed at relatively low torque compared to windmill turbine . Wind power turbine is also long , thin , and tapered which result in a blade that 's more resistant to bending and torsion and ha high moment which aid in starting the turbine .",2.0
" Moments of inertia of wind power generation turbine is smaller than moments of inertia of traditional windmill because the area of wind turbine blade is smaller than windmill blade. Therefore, wind turbine needs a low force for operating than traditional windmill. Wind power generation turbine have advantages higher efficiency and need a little power to operating wind turbine. Furthermore, wind turbine blade has small contact area with wind so there is more rotational speed for operating wind turbine. ",2,"['Moments', 'of', 'inertia', 'of', 'wind', 'power', 'generation', 'turbine', 'is', 'smaller', 'than', 'moments', 'of', 'inertia', 'of', 'traditional', 'windmill', 'because', 'the', 'area', 'of', 'wind', 'turbine', 'blade', 'is', 'smaller', 'than', 'windmill', 'blade', '.', 'Therefore', ',', 'wind', 'turbine', 'needs', 'a', 'low', 'force', 'for', 'operating', 'than', 'traditional', 'windmill', '.', 'Wind', 'power', 'generation', 'turbine', 'have', 'advantages', 'higher', 'efficiency', 'and', 'need', 'a', 'little', 'power', 'to', 'operating', 'wind', 'turbine', '.', 'Furthermore', ',', 'wind', 'turbine', 'blade', 'has', 'small', 'contact', 'area', 'with', 'wind', 'so', 'there', 'is', 'more', 'rotational', 'speed', 'for', 'operating', 'wind', 'turbine', '.']","['Moments', 'of', 'inertia', 'of', 'wind', 'power', 'generation', 'turbine', 'is', 'smaller', 'than', 'moment', 'of', 'inertia', 'of', 'traditional', 'windmill', 'because', 'the', 'area', 'of', 'wind', 'turbine', 'blade', 'is', 'smaller', 'than', 'windmill', 'blade', '.', 'Therefore', ',', 'wind', 'turbine', 'need', 'a', 'low', 'force', 'for', 'operating', 'than', 'traditional', 'windmill', '.', 'Wind', 'power', 'generation', 'turbine', 'have', 'advantage', 'higher', 'efficiency', 'and', 'need', 'a', 'little', 'power', 'to', 'operating', 'wind', 'turbine', '.', 'Furthermore', ',', 'wind', 'turbine', 'blade', 'ha', 'small', 'contact', 'area', 'with', 'wind', 'so', 'there', 'is', 'more', 'rotational', 'speed', 'for', 'operating', 'wind', 'turbine', '.']","Moments of inertia of wind power generation turbine is smaller than moment of inertia of traditional windmill because the area of wind turbine blade is smaller than windmill blade . Therefore , wind turbine need a low force for operating than traditional windmill . Wind power generation turbine have advantage higher efficiency and need a little power to operating wind turbine . Furthermore , wind turbine blade ha small contact area with wind so there is more rotational speed for operating wind turbine .",2.0
" Moment inertia at the traditional windmill will be larger compared with the propeller one since the distance of the center rotation is further. This condition will affect  the rotation of the rotor blades. So, the rotor blade of propeller type will have a higher velocity. The propeller one having slender shape so it is more efficient ",0,"['Moment', 'inertia', 'at', 'the', 'traditional', 'windmill', 'will', 'be', 'larger', 'compared', 'with', 'the', 'propeller', 'one', 'since', 'the', 'distance', 'of', 'the', 'center', 'rotation', 'is', 'further', '.', 'This', 'condition', 'will', 'affect', 'the', 'rotation', 'of', 'the', 'rotor', 'blades', '.', 'So', ',', 'the', 'rotor', 'blade', 'of', 'propeller', 'type', 'will', 'have', 'a', 'higher', 'velocity', '.', 'The', 'propeller', 'one', 'having', 'slender', 'shape', 'so', 'it', 'is', 'more', 'efficient']","['Moment', 'inertia', 'at', 'the', 'traditional', 'windmill', 'will', 'be', 'larger', 'compared', 'with', 'the', 'propeller', 'one', 'since', 'the', 'distance', 'of', 'the', 'center', 'rotation', 'is', 'further', '.', 'This', 'condition', 'will', 'affect', 'the', 'rotation', 'of', 'the', 'rotor', 'blade', '.', 'So', ',', 'the', 'rotor', 'blade', 'of', 'propeller', 'type', 'will', 'have', 'a', 'higher', 'velocity', '.', 'The', 'propeller', 'one', 'having', 'slender', 'shape', 'so', 'it', 'is', 'more', 'efficient']","Moment inertia at the traditional windmill will be larger compared with the propeller one since the distance of the center rotation is further . This condition will affect the rotation of the rotor blade . So , the rotor blade of propeller type will have a higher velocity . The propeller one having slender shape so it is more efficient",0.0
" It is durable, cost-effectiveness, and the efficiency is higher that traditional one",0,"['It', 'is', 'durable', ',', 'cost-effectiveness', ',', 'and', 'the', 'efficiency', 'is', 'higher', 'that', 'traditional', 'one']","['It', 'is', 'durable', ',', 'cost-effectiveness', ',', 'and', 'the', 'efficiency', 'is', 'higher', 'that', 'traditional', 'one']","It is durable , cost-effectiveness , and the efficiency is higher that traditional one",0.0
" The moment of inertia of there wind turbines is affected on the force that they are experienced. Lift wind turbine will experience more lift force and drag wind turbine will experience more drag force and they have different direction of force. Lift propelled wind turbine more suitable for harvesting wind because the blades only cover a fraction of the rotor surface and has high efficiency. Drag wind turbine only works when it is against the wind, meaning it is impossible to rotate faster than the wind",0,"['The', 'moment', 'of', 'inertia', 'of', 'there', 'wind', 'turbines', 'is', 'affected', 'on', 'the', 'force', 'that', 'they', 'are', 'experienced', '.', 'Lift', 'wind', 'turbine', 'will', 'experience', 'more', 'lift', 'force', 'and', 'drag', 'wind', 'turbine', 'will', 'experience', 'more', 'drag', 'force', 'and', 'they', 'have', 'different', 'direction', 'of', 'force', '.', 'Lift', 'propelled', 'wind', 'turbine', 'more', 'suitable', 'for', 'harvesting', 'wind', 'because', 'the', 'blades', 'only', 'cover', 'a', 'fraction', 'of', 'the', 'rotor', 'surface', 'and', 'has', 'high', 'efficiency', '.', 'Drag', 'wind', 'turbine', 'only', 'works', 'when', 'it', 'is', 'against', 'the', 'wind', ',', 'meaning', 'it', 'is', 'impossible', 'to', 'rotate', 'faster', 'than', 'the', 'wind']","['The', 'moment', 'of', 'inertia', 'of', 'there', 'wind', 'turbine', 'is', 'affected', 'on', 'the', 'force', 'that', 'they', 'are', 'experienced', '.', 'Lift', 'wind', 'turbine', 'will', 'experience', 'more', 'lift', 'force', 'and', 'drag', 'wind', 'turbine', 'will', 'experience', 'more', 'drag', 'force', 'and', 'they', 'have', 'different', 'direction', 'of', 'force', '.', 'Lift', 'propelled', 'wind', 'turbine', 'more', 'suitable', 'for', 'harvesting', 'wind', 'because', 'the', 'blade', 'only', 'cover', 'a', 'fraction', 'of', 'the', 'rotor', 'surface', 'and', 'ha', 'high', 'efficiency', '.', 'Drag', 'wind', 'turbine', 'only', 'work', 'when', 'it', 'is', 'against', 'the', 'wind', ',', 'meaning', 'it', 'is', 'impossible', 'to', 'rotate', 'faster', 'than', 'the', 'wind']","The moment of inertia of there wind turbine is affected on the force that they are experienced . Lift wind turbine will experience more lift force and drag wind turbine will experience more drag force and they have different direction of force . Lift propelled wind turbine more suitable for harvesting wind because the blade only cover a fraction of the rotor surface and ha high efficiency . Drag wind turbine only work when it is against the wind , meaning it is impossible to rotate faster than the wind",0.0
 The modern turbine creates more inertia than a traditional windmill. Wind power generation depends on the rotor size. Modern windpower generation is made with high quality material thus leads to high efficiency and good performance in terms of rotor performance,0,"['The', 'modern', 'turbine', 'creates', 'more', 'inertia', 'than', 'a', 'traditional', 'windmill', '.', 'Wind', 'power', 'generation', 'depends', 'on', 'the', 'rotor', 'size', '.', 'Modern', 'windpower', 'generation', 'is', 'made', 'with', 'high', 'quality', 'material', 'thus', 'leads', 'to', 'high', 'efficiency', 'and', 'good', 'performance', 'in', 'terms', 'of', 'rotor', 'performance']","['The', 'modern', 'turbine', 'creates', 'more', 'inertia', 'than', 'a', 'traditional', 'windmill', '.', 'Wind', 'power', 'generation', 'depends', 'on', 'the', 'rotor', 'size', '.', 'Modern', 'windpower', 'generation', 'is', 'made', 'with', 'high', 'quality', 'material', 'thus', 'lead', 'to', 'high', 'efficiency', 'and', 'good', 'performance', 'in', 'term', 'of', 'rotor', 'performance']",The modern turbine creates more inertia than a traditional windmill . Wind power generation depends on the rotor size . Modern windpower generation is made with high quality material thus lead to high efficiency and good performance in term of rotor performance,0.0
" The moment of inertia of the modern wind turbine will be better since it will have better in all aspects of the wind turbine, for example, the angular velocity. Since it uses fiber-reinforced plastic, the weight will be lighter compared to the wooden one, so it will have better performance and be more durable. ",0,"['The', 'moment', 'of', 'inertia', 'of', 'the', 'modern', 'wind', 'turbine', 'will', 'be', 'better', 'since', 'it', 'will', 'have', 'better', 'in', 'all', 'aspects', 'of', 'the', 'wind', 'turbine', ',', 'for', 'example', ',', 'the', 'angular', 'velocity', '.', 'Since', 'it', 'uses', 'fiber-reinforced', 'plastic', ',', 'the', 'weight', 'will', 'be', 'lighter', 'compared', 'to', 'the', 'wooden', 'one', ',', 'so', 'it', 'will', 'have', 'better', 'performance', 'and', 'be', 'more', 'durable', '.']","['The', 'moment', 'of', 'inertia', 'of', 'the', 'modern', 'wind', 'turbine', 'will', 'be', 'better', 'since', 'it', 'will', 'have', 'better', 'in', 'all', 'aspect', 'of', 'the', 'wind', 'turbine', ',', 'for', 'example', ',', 'the', 'angular', 'velocity', '.', 'Since', 'it', 'us', 'fiber-reinforced', 'plastic', ',', 'the', 'weight', 'will', 'be', 'lighter', 'compared', 'to', 'the', 'wooden', 'one', ',', 'so', 'it', 'will', 'have', 'better', 'performance', 'and', 'be', 'more', 'durable', '.']","The moment of inertia of the modern wind turbine will be better since it will have better in all aspect of the wind turbine , for example , the angular velocity . Since it us fiber-reinforced plastic , the weight will be lighter compared to the wooden one , so it will have better performance and be more durable .",0.0
 The moment of inertia will be different cause of the structure and the weight of the blade. Wind power generation turbines are more likely to have huge lift power which will generate more power. ,0,"['The', 'moment', 'of', 'inertia', 'will', 'be', 'different', 'cause', 'of', 'the', 'structure', 'and', 'the', 'weight', 'of', 'the', 'blade', '.', 'Wind', 'power', 'generation', 'turbines', 'are', 'more', 'likely', 'to', 'have', 'huge', 'lift', 'power', 'which', 'will', 'generate', 'more', 'power', '.']","['The', 'moment', 'of', 'inertia', 'will', 'be', 'different', 'cause', 'of', 'the', 'structure', 'and', 'the', 'weight', 'of', 'the', 'blade', '.', 'Wind', 'power', 'generation', 'turbine', 'are', 'more', 'likely', 'to', 'have', 'huge', 'lift', 'power', 'which', 'will', 'generate', 'more', 'power', '.']",The moment of inertia will be different cause of the structure and the weight of the blade . Wind power generation turbine are more likely to have huge lift power which will generate more power .,0.0
" Normal to the direction of the wind, the wind turbine convert the forces into torque that would relate to the moment inertia. Instead, the traditional windmill would depends on the drag force as a source of moment inertia about the rotor. A modern wind turbine would capable of generating a larger amount of energy since it source is from a torque to rotate the regenerative motor. the advantages of having a modern wind turbine is the less energy loss due to this torque maximization respect to wind. ",0,"['Normal', 'to', 'the', 'direction', 'of', 'the', 'wind', ',', 'the', 'wind', 'turbine', 'convert', 'the', 'forces', 'into', 'torque', 'that', 'would', 'relate', 'to', 'the', 'moment', 'inertia', '.', 'Instead', ',', 'the', 'traditional', 'windmill', 'would', 'depends', 'on', 'the', 'drag', 'force', 'as', 'a', 'source', 'of', 'moment', 'inertia', 'about', 'the', 'rotor', '.', 'A', 'modern', 'wind', 'turbine', 'would', 'capable', 'of', 'generating', 'a', 'larger', 'amount', 'of', 'energy', 'since', 'it', 'source', 'is', 'from', 'a', 'torque', 'to', 'rotate', 'the', 'regenerative', 'motor', '.', 'the', 'advantages', 'of', 'having', 'a', 'modern', 'wind', 'turbine', 'is', 'the', 'less', 'energy', 'loss', 'due', 'to', 'this', 'torque', 'maximization', 'respect', 'to', 'wind', '.']","['Normal', 'to', 'the', 'direction', 'of', 'the', 'wind', ',', 'the', 'wind', 'turbine', 'convert', 'the', 'force', 'into', 'torque', 'that', 'would', 'relate', 'to', 'the', 'moment', 'inertia', '.', 'Instead', ',', 'the', 'traditional', 'windmill', 'would', 'depends', 'on', 'the', 'drag', 'force', 'a', 'a', 'source', 'of', 'moment', 'inertia', 'about', 'the', 'rotor', '.', 'A', 'modern', 'wind', 'turbine', 'would', 'capable', 'of', 'generating', 'a', 'larger', 'amount', 'of', 'energy', 'since', 'it', 'source', 'is', 'from', 'a', 'torque', 'to', 'rotate', 'the', 'regenerative', 'motor', '.', 'the', 'advantage', 'of', 'having', 'a', 'modern', 'wind', 'turbine', 'is', 'the', 'le', 'energy', 'loss', 'due', 'to', 'this', 'torque', 'maximization', 'respect', 'to', 'wind', '.']","Normal to the direction of the wind , the wind turbine convert the force into torque that would relate to the moment inertia . Instead , the traditional windmill would depends on the drag force a a source of moment inertia about the rotor . A modern wind turbine would capable of generating a larger amount of energy since it source is from a torque to rotate the regenerative motor . the advantage of having a modern wind turbine is the le energy loss due to this torque maximization respect to wind .",0.0
" In the conventional windmill, the blade design is ordinary rectangle looks like. Meanwhile in the wind turbine, the curve blade is similar to aeroplane design wings to give more pressure below the blade and lift up the blade effectively. therefore it gave extra force to rotate the rotor. From the design, the curve blade work more effectively to lift up the blade. It also implies that there is an additional force due to the pressurize wind to the rotor.   Moreover looking at the rotor blade materials, it is clearly shown that the material of glass fiber-reinforced plastic is lighter, stronger, and more durable. Meanwhile, the traditional rotor utilizes wood covered by canvas that is weighted and easily got rotten.  ",0,"['In', 'the', 'conventional', 'windmill', ',', 'the', 'blade', 'design', 'is', 'ordinary', 'rectangle', 'looks', 'like', '.', 'Meanwhile', 'in', 'the', 'wind', 'turbine', ',', 'the', 'curve', 'blade', 'is', 'similar', 'to', 'aeroplane', 'design', 'wings', 'to', 'give', 'more', 'pressure', 'below', 'the', 'blade', 'and', 'lift', 'up', 'the', 'blade', 'effectively', '.', 'therefore', 'it', 'gave', 'extra', 'force', 'to', 'rotate', 'the', 'rotor', '.', 'From', 'the', 'design', ',', 'the', 'curve', 'blade', 'work', 'more', 'effectively', 'to', 'lift', 'up', 'the', 'blade', '.', 'It', 'also', 'implies', 'that', 'there', 'is', 'an', 'additional', 'force', 'due', 'to', 'the', 'pressurize', 'wind', 'to', 'the', 'rotor', '.', 'Moreover', 'looking', 'at', 'the', 'rotor', 'blade', 'materials', ',', 'it', 'is', 'clearly', 'shown', 'that', 'the', 'material', 'of', 'glass', 'fiber-reinforced', 'plastic', 'is', 'lighter', ',', 'stronger', ',', 'and', 'more', 'durable', '.', 'Meanwhile', ',', 'the', 'traditional', 'rotor', 'utilizes', 'wood', 'covered', 'by', 'canvas', 'that', 'is', 'weighted', 'and', 'easily', 'got', 'rotten', '.']","['In', 'the', 'conventional', 'windmill', ',', 'the', 'blade', 'design', 'is', 'ordinary', 'rectangle', 'look', 'like', '.', 'Meanwhile', 'in', 'the', 'wind', 'turbine', ',', 'the', 'curve', 'blade', 'is', 'similar', 'to', 'aeroplane', 'design', 'wing', 'to', 'give', 'more', 'pressure', 'below', 'the', 'blade', 'and', 'lift', 'up', 'the', 'blade', 'effectively', '.', 'therefore', 'it', 'gave', 'extra', 'force', 'to', 'rotate', 'the', 'rotor', '.', 'From', 'the', 'design', ',', 'the', 'curve', 'blade', 'work', 'more', 'effectively', 'to', 'lift', 'up', 'the', 'blade', '.', 'It', 'also', 'implies', 'that', 'there', 'is', 'an', 'additional', 'force', 'due', 'to', 'the', 'pressurize', 'wind', 'to', 'the', 'rotor', '.', 'Moreover', 'looking', 'at', 'the', 'rotor', 'blade', 'material', ',', 'it', 'is', 'clearly', 'shown', 'that', 'the', 'material', 'of', 'glass', 'fiber-reinforced', 'plastic', 'is', 'lighter', ',', 'stronger', ',', 'and', 'more', 'durable', '.', 'Meanwhile', ',', 'the', 'traditional', 'rotor', 'utilizes', 'wood', 'covered', 'by', 'canvas', 'that', 'is', 'weighted', 'and', 'easily', 'got', 'rotten', '.']","In the conventional windmill , the blade design is ordinary rectangle look like . Meanwhile in the wind turbine , the curve blade is similar to aeroplane design wing to give more pressure below the blade and lift up the blade effectively . therefore it gave extra force to rotate the rotor . From the design , the curve blade work more effectively to lift up the blade . It also implies that there is an additional force due to the pressurize wind to the rotor . Moreover looking at the rotor blade material , it is clearly shown that the material of glass fiber-reinforced plastic is lighter , stronger , and more durable . Meanwhile , the traditional rotor utilizes wood covered by canvas that is weighted and easily got rotten .",0.0
" The modern type wind turbines blade have smaller inertia because of its thin structure that used a hollow structure which effect the mass compare to the traditional one which using a solid wooden frame work or even a whole wood log. The smaller inertia will cause the differential in drag force which in the simple explanation the thin plastic reinforced hollowed type structure is easier to be lifted by wind than the solid wooden frame structure. The main advantage is because of the structure using a thin type rotor blades, it gives a benefit which can produce more energy while using a small amount of power of wind energy. While using a traditional one need more amount of energy to rotate the windmill blades. ",1,"['The', 'modern', 'type', 'wind', 'turbines', 'blade', 'have', 'smaller', 'inertia', 'because', 'of', 'its', 'thin', 'structure', 'that', 'used', 'a', 'hollow', 'structure', 'which', 'effect', 'the', 'mass', 'compare', 'to', 'the', 'traditional', 'one', 'which', 'using', 'a', 'solid', 'wooden', 'frame', 'work', 'or', 'even', 'a', 'whole', 'wood', 'log', '.', 'The', 'smaller', 'inertia', 'will', 'cause', 'the', 'differential', 'in', 'drag', 'force', 'which', 'in', 'the', 'simple', 'explanation', 'the', 'thin', 'plastic', 'reinforced', 'hollowed', 'type', 'structure', 'is', 'easier', 'to', 'be', 'lifted', 'by', 'wind', 'than', 'the', 'solid', 'wooden', 'frame', 'structure', '.', 'The', 'main', 'advantage', 'is', 'because', 'of', 'the', 'structure', 'using', 'a', 'thin', 'type', 'rotor', 'blades', ',', 'it', 'gives', 'a', 'benefit', 'which', 'can', 'produce', 'more', 'energy', 'while', 'using', 'a', 'small', 'amount', 'of', 'power', 'of', 'wind', 'energy', '.', 'While', 'using', 'a', 'traditional', 'one', 'need', 'more', 'amount', 'of', 'energy', 'to', 'rotate', 'the', 'windmill', 'blades', '.']","['The', 'modern', 'type', 'wind', 'turbine', 'blade', 'have', 'smaller', 'inertia', 'because', 'of', 'it', 'thin', 'structure', 'that', 'used', 'a', 'hollow', 'structure', 'which', 'effect', 'the', 'mass', 'compare', 'to', 'the', 'traditional', 'one', 'which', 'using', 'a', 'solid', 'wooden', 'frame', 'work', 'or', 'even', 'a', 'whole', 'wood', 'log', '.', 'The', 'smaller', 'inertia', 'will', 'cause', 'the', 'differential', 'in', 'drag', 'force', 'which', 'in', 'the', 'simple', 'explanation', 'the', 'thin', 'plastic', 'reinforced', 'hollowed', 'type', 'structure', 'is', 'easier', 'to', 'be', 'lifted', 'by', 'wind', 'than', 'the', 'solid', 'wooden', 'frame', 'structure', '.', 'The', 'main', 'advantage', 'is', 'because', 'of', 'the', 'structure', 'using', 'a', 'thin', 'type', 'rotor', 'blade', ',', 'it', 'give', 'a', 'benefit', 'which', 'can', 'produce', 'more', 'energy', 'while', 'using', 'a', 'small', 'amount', 'of', 'power', 'of', 'wind', 'energy', '.', 'While', 'using', 'a', 'traditional', 'one', 'need', 'more', 'amount', 'of', 'energy', 'to', 'rotate', 'the', 'windmill', 'blade', '.']","The modern type wind turbine blade have smaller inertia because of it thin structure that used a hollow structure which effect the mass compare to the traditional one which using a solid wooden frame work or even a whole wood log . The smaller inertia will cause the differential in drag force which in the simple explanation the thin plastic reinforced hollowed type structure is easier to be lifted by wind than the solid wooden frame structure . The main advantage is because of the structure using a thin type rotor blade , it give a benefit which can produce more energy while using a small amount of power of wind energy . While using a traditional one need more amount of energy to rotate the windmill blade .",1.0
" The moment of inertia will differ based on the material used. Because when we are calculating the moment of inertia, we should also consider the material and the shape of the specimen. I am not really sure about this, but I am trying to answer this question. Pardon me if this answer is incorrect. For sure both of them will have different velocities in their rotational movement. The blades with the fiber-reinforced one will generate higher speed and more power than the conventional one using the wooden framework. When it comes to the advantages, the wooden framework looks more aesthetic rather than the modern one.  ",1,"['The', 'moment', 'of', 'inertia', 'will', 'differ', 'based', 'on', 'the', 'material', 'used', '.', 'Because', 'when', 'we', 'are', 'calculating', 'the', 'moment', 'of', 'inertia', ',', 'we', 'should', 'also', 'consider', 'the', 'material', 'and', 'the', 'shape', 'of', 'the', 'specimen', '.', 'I', 'am', 'not', 'really', 'sure', 'about', 'this', ',', 'but', 'I', 'am', 'trying', 'to', 'answer', 'this', 'question', '.', 'Pardon', 'me', 'if', 'this', 'answer', 'is', 'incorrect', '.', 'For', 'sure', 'both', 'of', 'them', 'will', 'have', 'different', 'velocities', 'in', 'their', 'rotational', 'movement', '.', 'The', 'blades', 'with', 'the', 'fiber-reinforced', 'one', 'will', 'generate', 'higher', 'speed', 'and', 'more', 'power', 'than', 'the', 'conventional', 'one', 'using', 'the', 'wooden', 'framework', '.', 'When', 'it', 'comes', 'to', 'the', 'advantages', ',', 'the', 'wooden', 'framework', 'looks', 'more', 'aesthetic', 'rather', 'than', 'the', 'modern', 'one', '.']","['The', 'moment', 'of', 'inertia', 'will', 'differ', 'based', 'on', 'the', 'material', 'used', '.', 'Because', 'when', 'we', 'are', 'calculating', 'the', 'moment', 'of', 'inertia', ',', 'we', 'should', 'also', 'consider', 'the', 'material', 'and', 'the', 'shape', 'of', 'the', 'specimen', '.', 'I', 'am', 'not', 'really', 'sure', 'about', 'this', ',', 'but', 'I', 'am', 'trying', 'to', 'answer', 'this', 'question', '.', 'Pardon', 'me', 'if', 'this', 'answer', 'is', 'incorrect', '.', 'For', 'sure', 'both', 'of', 'them', 'will', 'have', 'different', 'velocity', 'in', 'their', 'rotational', 'movement', '.', 'The', 'blade', 'with', 'the', 'fiber-reinforced', 'one', 'will', 'generate', 'higher', 'speed', 'and', 'more', 'power', 'than', 'the', 'conventional', 'one', 'using', 'the', 'wooden', 'framework', '.', 'When', 'it', 'come', 'to', 'the', 'advantage', ',', 'the', 'wooden', 'framework', 'look', 'more', 'aesthetic', 'rather', 'than', 'the', 'modern', 'one', '.']","The moment of inertia will differ based on the material used . Because when we are calculating the moment of inertia , we should also consider the material and the shape of the specimen . I am not really sure about this , but I am trying to answer this question . Pardon me if this answer is incorrect . For sure both of them will have different velocity in their rotational movement . The blade with the fiber-reinforced one will generate higher speed and more power than the conventional one using the wooden framework . When it come to the advantage , the wooden framework look more aesthetic rather than the modern one .",1.0
" The moment of inertia is defined as the quantity of an object in maintaining its angular speed. There are several factors that affect the moment of inertia, namely the mass, shape of the object, the location of the turning point, and the distance from the turning point. Therefore, the greater the inertia, the more difficult it is for objects to move. So the rotor axis in traditional turbines has a greater moment of inertia because mass and radius affect the moment of inertia. The greater the radius of the mass of the object about the axis, the greater the moment of inertia. For the advantages, it would be better turbine generator wind power. Because the moment of inertia is a representation of the inertia level of a rotating object. The greater the moment of inertia of an object, the more difficult it is to rotate from rest. Since wind turbines have a smaller moment of inertia, the ability to rotate will be faster than traditional turbines. So that the performance of the rotor in wind turbine generators will be better and lighter than traditional turbines which have a greater moment of inertia. ",2,"['The', 'moment', 'of', 'inertia', 'is', 'defined', 'as', 'the', 'quantity', 'of', 'an', 'object', 'in', 'maintaining', 'its', 'angular', 'speed', '.', 'There', 'are', 'several', 'factors', 'that', 'affect', 'the', 'moment', 'of', 'inertia', ',', 'namely', 'the', 'mass', ',', 'shape', 'of', 'the', 'object', ',', 'the', 'location', 'of', 'the', 'turning', 'point', ',', 'and', 'the', 'distance', 'from', 'the', 'turning', 'point', '.', 'Therefore', ',', 'the', 'greater', 'the', 'inertia', ',', 'the', 'more', 'difficult', 'it', 'is', 'for', 'objects', 'to', 'move', '.', 'So', 'the', 'rotor', 'axis', 'in', 'traditional', 'turbines', 'has', 'a', 'greater', 'moment', 'of', 'inertia', 'because', 'mass', 'and', 'radius', 'affect', 'the', 'moment', 'of', 'inertia', '.', 'The', 'greater', 'the', 'radius', 'of', 'the', 'mass', 'of', 'the', 'object', 'about', 'the', 'axis', ',', 'the', 'greater', 'the', 'moment', 'of', 'inertia', '.', 'For', 'the', 'advantages', ',', 'it', 'would', 'be', 'better', 'turbine', 'generator', 'wind', 'power', '.', 'Because', 'the', 'moment', 'of', 'inertia', 'is', 'a', 'representation', 'of', 'the', 'inertia', 'level', 'of', 'a', 'rotating', 'object', '.', 'The', 'greater', 'the', 'moment', 'of', 'inertia', 'of', 'an', 'object', ',', 'the', 'more', 'difficult', 'it', 'is', 'to', 'rotate', 'from', 'rest', '.', 'Since', 'wind', 'turbines', 'have', 'a', 'smaller', 'moment', 'of', 'inertia', ',', 'the', 'ability', 'to', 'rotate', 'will', 'be', 'faster', 'than', 'traditional', 'turbines', '.', 'So', 'that', 'the', 'performance', 'of', 'the', 'rotor', 'in', 'wind', 'turbine', 'generators', 'will', 'be', 'better', 'and', 'lighter', 'than', 'traditional', 'turbines', 'which', 'have', 'a', 'greater', 'moment', 'of', 'inertia', '.']","['The', 'moment', 'of', 'inertia', 'is', 'defined', 'a', 'the', 'quantity', 'of', 'an', 'object', 'in', 'maintaining', 'it', 'angular', 'speed', '.', 'There', 'are', 'several', 'factor', 'that', 'affect', 'the', 'moment', 'of', 'inertia', ',', 'namely', 'the', 'mass', ',', 'shape', 'of', 'the', 'object', ',', 'the', 'location', 'of', 'the', 'turning', 'point', ',', 'and', 'the', 'distance', 'from', 'the', 'turning', 'point', '.', 'Therefore', ',', 'the', 'greater', 'the', 'inertia', ',', 'the', 'more', 'difficult', 'it', 'is', 'for', 'object', 'to', 'move', '.', 'So', 'the', 'rotor', 'axis', 'in', 'traditional', 'turbine', 'ha', 'a', 'greater', 'moment', 'of', 'inertia', 'because', 'mass', 'and', 'radius', 'affect', 'the', 'moment', 'of', 'inertia', '.', 'The', 'greater', 'the', 'radius', 'of', 'the', 'mass', 'of', 'the', 'object', 'about', 'the', 'axis', ',', 'the', 'greater', 'the', 'moment', 'of', 'inertia', '.', 'For', 'the', 'advantage', ',', 'it', 'would', 'be', 'better', 'turbine', 'generator', 'wind', 'power', '.', 'Because', 'the', 'moment', 'of', 'inertia', 'is', 'a', 'representation', 'of', 'the', 'inertia', 'level', 'of', 'a', 'rotating', 'object', '.', 'The', 'greater', 'the', 'moment', 'of', 'inertia', 'of', 'an', 'object', ',', 'the', 'more', 'difficult', 'it', 'is', 'to', 'rotate', 'from', 'rest', '.', 'Since', 'wind', 'turbine', 'have', 'a', 'smaller', 'moment', 'of', 'inertia', ',', 'the', 'ability', 'to', 'rotate', 'will', 'be', 'faster', 'than', 'traditional', 'turbine', '.', 'So', 'that', 'the', 'performance', 'of', 'the', 'rotor', 'in', 'wind', 'turbine', 'generator', 'will', 'be', 'better', 'and', 'lighter', 'than', 'traditional', 'turbine', 'which', 'have', 'a', 'greater', 'moment', 'of', 'inertia', '.']","The moment of inertia is defined a the quantity of an object in maintaining it angular speed . There are several factor that affect the moment of inertia , namely the mass , shape of the object , the location of the turning point , and the distance from the turning point . Therefore , the greater the inertia , the more difficult it is for object to move . So the rotor axis in traditional turbine ha a greater moment of inertia because mass and radius affect the moment of inertia . The greater the radius of the mass of the object about the axis , the greater the moment of inertia . For the advantage , it would be better turbine generator wind power . Because the moment of inertia is a representation of the inertia level of a rotating object . The greater the moment of inertia of an object , the more difficult it is to rotate from rest . Since wind turbine have a smaller moment of inertia , the ability to rotate will be faster than traditional turbine . So that the performance of the rotor in wind turbine generator will be better and lighter than traditional turbine which have a greater moment of inertia .",2.0
" Moment of inertia, by definition, is proportional to the mass and the square of distance to the axis. From the information given, it can be estimated that the mass of the rotor blades of a wind power generation turbine is less than that of a traditional windmill due to the existence of an internal hollow space. Moreover, the geometry of the rotor blades of a wind power generation turbine suggests that less mass is distributed. Thus, the moment of inertia is far less than the rotor blades of a traditional windmill. Based on the mass moment of inertia alone, the rotor blades of a wind power generation turbine creates greater angular velocity, because the angular velocity is inversely proportional to the moment of inertia. ",2,"['Moment', 'of', 'inertia', ',', 'by', 'definition', ',', 'is', 'proportional', 'to', 'the', 'mass', 'and', 'the', 'square', 'of', 'distance', 'to', 'the', 'axis', '.', 'From', 'the', 'information', 'given', ',', 'it', 'can', 'be', 'estimated', 'that', 'the', 'mass', 'of', 'the', 'rotor', 'blades', 'of', 'a', 'wind', 'power', 'generation', 'turbine', 'is', 'less', 'than', 'that', 'of', 'a', 'traditional', 'windmill', 'due', 'to', 'the', 'existence', 'of', 'an', 'internal', 'hollow', 'space', '.', 'Moreover', ',', 'the', 'geometry', 'of', 'the', 'rotor', 'blades', 'of', 'a', 'wind', 'power', 'generation', 'turbine', 'suggests', 'that', 'less', 'mass', 'is', 'distributed', '.', 'Thus', ',', 'the', 'moment', 'of', 'inertia', 'is', 'far', 'less', 'than', 'the', 'rotor', 'blades', 'of', 'a', 'traditional', 'windmill', '.', 'Based', 'on', 'the', 'mass', 'moment', 'of', 'inertia', 'alone', ',', 'the', 'rotor', 'blades', 'of', 'a', 'wind', 'power', 'generation', 'turbine', 'creates', 'greater', 'angular', 'velocity', ',', 'because', 'the', 'angular', 'velocity', 'is', 'inversely', 'proportional', 'to', 'the', 'moment', 'of', 'inertia', '.']","['Moment', 'of', 'inertia', ',', 'by', 'definition', ',', 'is', 'proportional', 'to', 'the', 'mass', 'and', 'the', 'square', 'of', 'distance', 'to', 'the', 'axis', '.', 'From', 'the', 'information', 'given', ',', 'it', 'can', 'be', 'estimated', 'that', 'the', 'mass', 'of', 'the', 'rotor', 'blade', 'of', 'a', 'wind', 'power', 'generation', 'turbine', 'is', 'le', 'than', 'that', 'of', 'a', 'traditional', 'windmill', 'due', 'to', 'the', 'existence', 'of', 'an', 'internal', 'hollow', 'space', '.', 'Moreover', ',', 'the', 'geometry', 'of', 'the', 'rotor', 'blade', 'of', 'a', 'wind', 'power', 'generation', 'turbine', 'suggests', 'that', 'le', 'mass', 'is', 'distributed', '.', 'Thus', ',', 'the', 'moment', 'of', 'inertia', 'is', 'far', 'le', 'than', 'the', 'rotor', 'blade', 'of', 'a', 'traditional', 'windmill', '.', 'Based', 'on', 'the', 'mass', 'moment', 'of', 'inertia', 'alone', ',', 'the', 'rotor', 'blade', 'of', 'a', 'wind', 'power', 'generation', 'turbine', 'creates', 'greater', 'angular', 'velocity', ',', 'because', 'the', 'angular', 'velocity', 'is', 'inversely', 'proportional', 'to', 'the', 'moment', 'of', 'inertia', '.']","Moment of inertia , by definition , is proportional to the mass and the square of distance to the axis . From the information given , it can be estimated that the mass of the rotor blade of a wind power generation turbine is le than that of a traditional windmill due to the existence of an internal hollow space . Moreover , the geometry of the rotor blade of a wind power generation turbine suggests that le mass is distributed . Thus , the moment of inertia is far le than the rotor blade of a traditional windmill . Based on the mass moment of inertia alone , the rotor blade of a wind power generation turbine creates greater angular velocity , because the angular velocity is inversely proportional to the moment of inertia .",2.0
" Based on the differences, the moment inertia of the wind power generation will be smaller than the traditional windmill. It is because wind power generation has a hollow space inside the body. Meanwhile, the traditional windmill body is a rigid wooden frame. Therefore, wind power generation can move faster than the traditional windmill. Aside from having a faster rotation with wind power generation, the maintenance of wind power generation is also much smaller. As the material is glass fiber-reinforced, we can put aside the vulnerability of the blades because of the rain and corrosion. Because in the traditional windmill we need to really consider the coating for the wood of the blade's body. ",2,"['Based', 'on', 'the', 'differences', ',', 'the', 'moment', 'inertia', 'of', 'the', 'wind', 'power', 'generation', 'will', 'be', 'smaller', 'than', 'the', 'traditional', 'windmill', '.', 'It', 'is', 'because', 'wind', 'power', 'generation', 'has', 'a', 'hollow', 'space', 'inside', 'the', 'body', '.', 'Meanwhile', ',', 'the', 'traditional', 'windmill', 'body', 'is', 'a', 'rigid', 'wooden', 'frame', '.', 'Therefore', ',', 'wind', 'power', 'generation', 'can', 'move', 'faster', 'than', 'the', 'traditional', 'windmill', '.', 'Aside', 'from', 'having', 'a', 'faster', 'rotation', 'with', 'wind', 'power', 'generation', ',', 'the', 'maintenance', 'of', 'wind', 'power', 'generation', 'is', 'also', 'much', 'smaller', '.', 'As', 'the', 'material', 'is', 'glass', 'fiber-reinforced', ',', 'we', 'can', 'put', 'aside', 'the', 'vulnerability', 'of', 'the', 'blades', 'because', 'of', 'the', 'rain', 'and', 'corrosion', '.', 'Because', 'in', 'the', 'traditional', 'windmill', 'we', 'need', 'to', 'really', 'consider', 'the', 'coating', 'for', 'the', 'wood', 'of', 'the', 'blade', ""'s"", 'body', '.']","['Based', 'on', 'the', 'difference', ',', 'the', 'moment', 'inertia', 'of', 'the', 'wind', 'power', 'generation', 'will', 'be', 'smaller', 'than', 'the', 'traditional', 'windmill', '.', 'It', 'is', 'because', 'wind', 'power', 'generation', 'ha', 'a', 'hollow', 'space', 'inside', 'the', 'body', '.', 'Meanwhile', ',', 'the', 'traditional', 'windmill', 'body', 'is', 'a', 'rigid', 'wooden', 'frame', '.', 'Therefore', ',', 'wind', 'power', 'generation', 'can', 'move', 'faster', 'than', 'the', 'traditional', 'windmill', '.', 'Aside', 'from', 'having', 'a', 'faster', 'rotation', 'with', 'wind', 'power', 'generation', ',', 'the', 'maintenance', 'of', 'wind', 'power', 'generation', 'is', 'also', 'much', 'smaller', '.', 'As', 'the', 'material', 'is', 'glass', 'fiber-reinforced', ',', 'we', 'can', 'put', 'aside', 'the', 'vulnerability', 'of', 'the', 'blade', 'because', 'of', 'the', 'rain', 'and', 'corrosion', '.', 'Because', 'in', 'the', 'traditional', 'windmill', 'we', 'need', 'to', 'really', 'consider', 'the', 'coating', 'for', 'the', 'wood', 'of', 'the', 'blade', ""'s"", 'body', '.']","Based on the difference , the moment inertia of the wind power generation will be smaller than the traditional windmill . It is because wind power generation ha a hollow space inside the body . Meanwhile , the traditional windmill body is a rigid wooden frame . Therefore , wind power generation can move faster than the traditional windmill . Aside from having a faster rotation with wind power generation , the maintenance of wind power generation is also much smaller . As the material is glass fiber-reinforced , we can put aside the vulnerability of the blade because of the rain and corrosion . Because in the traditional windmill we need to really consider the coating for the wood of the blade 's body .",2.0
" The moments of inertia about the rotor axes differ between these wind turbines due to the mass different of the wind power generation turbine and rotor blades of the traditional windmill . The wind power generation that made of glass fiber-reinforced has a lighter mass compared to the wooden framework. the covering of the blades also lighter in the wind power generation. Therefore, the mass of inertia will be smaller in the wind power generation.  light and sustainable material which is strong enough to convert the energy by the rotational movement. The rotor has a smaller work to achieved the performance needed-  ",2,"['The', 'moments', 'of', 'inertia', 'about', 'the', 'rotor', 'axes', 'differ', 'between', 'these', 'wind', 'turbines', 'due', 'to', 'the', 'mass', 'different', 'of', 'the', 'wind', 'power', 'generation', 'turbine', 'and', 'rotor', 'blades', 'of', 'the', 'traditional', 'windmill', '.', 'The', 'wind', 'power', 'generation', 'that', 'made', 'of', 'glass', 'fiber-reinforced', 'has', 'a', 'lighter', 'mass', 'compared', 'to', 'the', 'wooden', 'framework', '.', 'the', 'covering', 'of', 'the', 'blades', 'also', 'lighter', 'in', 'the', 'wind', 'power', 'generation', '.', 'Therefore', ',', 'the', 'mass', 'of', 'inertia', 'will', 'be', 'smaller', 'in', 'the', 'wind', 'power', 'generation', '.', 'light', 'and', 'sustainable', 'material', 'which', 'is', 'strong', 'enough', 'to', 'convert', 'the', 'energy', 'by', 'the', 'rotational', 'movement', '.', 'The', 'rotor', 'has', 'a', 'smaller', 'work', 'to', 'achieved', 'the', 'performance', 'needed-']","['The', 'moment', 'of', 'inertia', 'about', 'the', 'rotor', 'ax', 'differ', 'between', 'these', 'wind', 'turbine', 'due', 'to', 'the', 'mass', 'different', 'of', 'the', 'wind', 'power', 'generation', 'turbine', 'and', 'rotor', 'blade', 'of', 'the', 'traditional', 'windmill', '.', 'The', 'wind', 'power', 'generation', 'that', 'made', 'of', 'glass', 'fiber-reinforced', 'ha', 'a', 'lighter', 'mass', 'compared', 'to', 'the', 'wooden', 'framework', '.', 'the', 'covering', 'of', 'the', 'blade', 'also', 'lighter', 'in', 'the', 'wind', 'power', 'generation', '.', 'Therefore', ',', 'the', 'mass', 'of', 'inertia', 'will', 'be', 'smaller', 'in', 'the', 'wind', 'power', 'generation', '.', 'light', 'and', 'sustainable', 'material', 'which', 'is', 'strong', 'enough', 'to', 'convert', 'the', 'energy', 'by', 'the', 'rotational', 'movement', '.', 'The', 'rotor', 'ha', 'a', 'smaller', 'work', 'to', 'achieved', 'the', 'performance', 'needed-']","The moment of inertia about the rotor ax differ between these wind turbine due to the mass different of the wind power generation turbine and rotor blade of the traditional windmill . The wind power generation that made of glass fiber-reinforced ha a lighter mass compared to the wooden framework . the covering of the blade also lighter in the wind power generation . Therefore , the mass of inertia will be smaller in the wind power generation . light and sustainable material which is strong enough to convert the energy by the rotational movement . The rotor ha a smaller work to achieved the performance needed-",2.0
" Moment of inertia will affect its effort to rotate, which larger moment of inertia makes the wind turbine harder to rotate.  The propeller-type of wind turbine has a smaller moment of inertia due to its narrow shape, while the traditional dutch wind turbine has a bigger moment of inertia. Therefore, the propeller-type of a wind turbine will be able to rotate more and produce more torque. Moreover, the propeller-type of a wind turbine is much lighter than the traditional one. Thus, the propeller-type of a wind turbine is more favorable to producing more torque or power. ",2,"['Moment', 'of', 'inertia', 'will', 'affect', 'its', 'effort', 'to', 'rotate', ',', 'which', 'larger', 'moment', 'of', 'inertia', 'makes', 'the', 'wind', 'turbine', 'harder', 'to', 'rotate', '.', 'The', 'propeller-type', 'of', 'wind', 'turbine', 'has', 'a', 'smaller', 'moment', 'of', 'inertia', 'due', 'to', 'its', 'narrow', 'shape', ',', 'while', 'the', 'traditional', 'dutch', 'wind', 'turbine', 'has', 'a', 'bigger', 'moment', 'of', 'inertia', '.', 'Therefore', ',', 'the', 'propeller-type', 'of', 'a', 'wind', 'turbine', 'will', 'be', 'able', 'to', 'rotate', 'more', 'and', 'produce', 'more', 'torque', '.', 'Moreover', ',', 'the', 'propeller-type', 'of', 'a', 'wind', 'turbine', 'is', 'much', 'lighter', 'than', 'the', 'traditional', 'one', '.', 'Thus', ',', 'the', 'propeller-type', 'of', 'a', 'wind', 'turbine', 'is', 'more', 'favorable', 'to', 'producing', 'more', 'torque', 'or', 'power', '.']","['Moment', 'of', 'inertia', 'will', 'affect', 'it', 'effort', 'to', 'rotate', ',', 'which', 'larger', 'moment', 'of', 'inertia', 'make', 'the', 'wind', 'turbine', 'harder', 'to', 'rotate', '.', 'The', 'propeller-type', 'of', 'wind', 'turbine', 'ha', 'a', 'smaller', 'moment', 'of', 'inertia', 'due', 'to', 'it', 'narrow', 'shape', ',', 'while', 'the', 'traditional', 'dutch', 'wind', 'turbine', 'ha', 'a', 'bigger', 'moment', 'of', 'inertia', '.', 'Therefore', ',', 'the', 'propeller-type', 'of', 'a', 'wind', 'turbine', 'will', 'be', 'able', 'to', 'rotate', 'more', 'and', 'produce', 'more', 'torque', '.', 'Moreover', ',', 'the', 'propeller-type', 'of', 'a', 'wind', 'turbine', 'is', 'much', 'lighter', 'than', 'the', 'traditional', 'one', '.', 'Thus', ',', 'the', 'propeller-type', 'of', 'a', 'wind', 'turbine', 'is', 'more', 'favorable', 'to', 'producing', 'more', 'torque', 'or', 'power', '.']","Moment of inertia will affect it effort to rotate , which larger moment of inertia make the wind turbine harder to rotate . The propeller-type of wind turbine ha a smaller moment of inertia due to it narrow shape , while the traditional dutch wind turbine ha a bigger moment of inertia . Therefore , the propeller-type of a wind turbine will be able to rotate more and produce more torque . Moreover , the propeller-type of a wind turbine is much lighter than the traditional one . Thus , the propeller-type of a wind turbine is more favorable to producing more torque or power .",2.0
" Moment inertia of these wind turbine's rotors are actually same, if size of cross-sectional area and length of these rotors are the same value.The advantages of wind power generation turbine's rotor are; Made of materials that have good mechanical properties, made of lightweight materials that compound of composite structure, material that used have high specific strength and design of rotors are preferred for the good aerodynamic. ",1,"['Moment', 'inertia', 'of', 'these', 'wind', 'turbine', ""'s"", 'rotors', 'are', 'actually', 'same', ',', 'if', 'size', 'of', 'cross-sectional', 'area', 'and', 'length', 'of', 'these', 'rotors', 'are', 'the', 'same', 'value.The', 'advantages', 'of', 'wind', 'power', 'generation', 'turbine', ""'s"", 'rotor', 'are', ';', 'Made', 'of', 'materials', 'that', 'have', 'good', 'mechanical', 'properties', ',', 'made', 'of', 'lightweight', 'materials', 'that', 'compound', 'of', 'composite', 'structure', ',', 'material', 'that', 'used', 'have', 'high', 'specific', 'strength', 'and', 'design', 'of', 'rotors', 'are', 'preferred', 'for', 'the', 'good', 'aerodynamic', '.']","['Moment', 'inertia', 'of', 'these', 'wind', 'turbine', ""'s"", 'rotor', 'are', 'actually', 'same', ',', 'if', 'size', 'of', 'cross-sectional', 'area', 'and', 'length', 'of', 'these', 'rotor', 'are', 'the', 'same', 'value.The', 'advantage', 'of', 'wind', 'power', 'generation', 'turbine', ""'s"", 'rotor', 'are', ';', 'Made', 'of', 'material', 'that', 'have', 'good', 'mechanical', 'property', ',', 'made', 'of', 'lightweight', 'material', 'that', 'compound', 'of', 'composite', 'structure', ',', 'material', 'that', 'used', 'have', 'high', 'specific', 'strength', 'and', 'design', 'of', 'rotor', 'are', 'preferred', 'for', 'the', 'good', 'aerodynamic', '.']","Moment inertia of these wind turbine 's rotor are actually same , if size of cross-sectional area and length of these rotor are the same value.The advantage of wind power generation turbine 's rotor are ; Made of material that have good mechanical property , made of lightweight material that compound of composite structure , material that used have high specific strength and design of rotor are preferred for the good aerodynamic .",2.0
" The moment of inertia of these types of wind turbines is different, the traditional dutch windmill has the bigger mass than the Propeller-type wind turbine for power generation, so the moment of inertia of the traditional dutch windmill is bigger too, it makes the rotor of the traditional is harder to move than the Propeller-type wind turbine for power generation. the characterristic and advantages of the traditional dutch windmill is are they have a bigger moment of inertia so this type of rotor can produces the bgger torque than than the Propeller-type wind turbine for power generation, but it hard to move the rotor cause its weight and the the characterristic and advantages of the Propeller-type wind turbine for power generation are it has lesser weight than the traditional dutch windmill, but this type of rotor can produce a better torque with the machine it has",1,"['The', 'moment', 'of', 'inertia', 'of', 'these', 'types', 'of', 'wind', 'turbines', 'is', 'different', ',', 'the', 'traditional', 'dutch', 'windmill', 'has', 'the', 'bigger', 'mass', 'than', 'the', 'Propeller-type', 'wind', 'turbine', 'for', 'power', 'generation', ',', 'so', 'the', 'moment', 'of', 'inertia', 'of', 'the', 'traditional', 'dutch', 'windmill', 'is', 'bigger', 'too', ',', 'it', 'makes', 'the', 'rotor', 'of', 'the', 'traditional', 'is', 'harder', 'to', 'move', 'than', 'the', 'Propeller-type', 'wind', 'turbine', 'for', 'power', 'generation', '.', 'the', 'characterristic', 'and', 'advantages', 'of', 'the', 'traditional', 'dutch', 'windmill', 'is', 'are', 'they', 'have', 'a', 'bigger', 'moment', 'of', 'inertia', 'so', 'this', 'type', 'of', 'rotor', 'can', 'produces', 'the', 'bgger', 'torque', 'than', 'than', 'the', 'Propeller-type', 'wind', 'turbine', 'for', 'power', 'generation', ',', 'but', 'it', 'hard', 'to', 'move', 'the', 'rotor', 'cause', 'its', 'weight', 'and', 'the', 'the', 'characterristic', 'and', 'advantages', 'of', 'the', 'Propeller-type', 'wind', 'turbine', 'for', 'power', 'generation', 'are', 'it', 'has', 'lesser', 'weight', 'than', 'the', 'traditional', 'dutch', 'windmill', ',', 'but', 'this', 'type', 'of', 'rotor', 'can', 'produce', 'a', 'better', 'torque', 'with', 'the', 'machine', 'it', 'has']","['The', 'moment', 'of', 'inertia', 'of', 'these', 'type', 'of', 'wind', 'turbine', 'is', 'different', ',', 'the', 'traditional', 'dutch', 'windmill', 'ha', 'the', 'bigger', 'mass', 'than', 'the', 'Propeller-type', 'wind', 'turbine', 'for', 'power', 'generation', ',', 'so', 'the', 'moment', 'of', 'inertia', 'of', 'the', 'traditional', 'dutch', 'windmill', 'is', 'bigger', 'too', ',', 'it', 'make', 'the', 'rotor', 'of', 'the', 'traditional', 'is', 'harder', 'to', 'move', 'than', 'the', 'Propeller-type', 'wind', 'turbine', 'for', 'power', 'generation', '.', 'the', 'characterristic', 'and', 'advantage', 'of', 'the', 'traditional', 'dutch', 'windmill', 'is', 'are', 'they', 'have', 'a', 'bigger', 'moment', 'of', 'inertia', 'so', 'this', 'type', 'of', 'rotor', 'can', 'produce', 'the', 'bgger', 'torque', 'than', 'than', 'the', 'Propeller-type', 'wind', 'turbine', 'for', 'power', 'generation', ',', 'but', 'it', 'hard', 'to', 'move', 'the', 'rotor', 'cause', 'it', 'weight', 'and', 'the', 'the', 'characterristic', 'and', 'advantage', 'of', 'the', 'Propeller-type', 'wind', 'turbine', 'for', 'power', 'generation', 'are', 'it', 'ha', 'lesser', 'weight', 'than', 'the', 'traditional', 'dutch', 'windmill', ',', 'but', 'this', 'type', 'of', 'rotor', 'can', 'produce', 'a', 'better', 'torque', 'with', 'the', 'machine', 'it', 'ha']","The moment of inertia of these type of wind turbine is different , the traditional dutch windmill ha the bigger mass than the Propeller-type wind turbine for power generation , so the moment of inertia of the traditional dutch windmill is bigger too , it make the rotor of the traditional is harder to move than the Propeller-type wind turbine for power generation . the characterristic and advantage of the traditional dutch windmill is are they have a bigger moment of inertia so this type of rotor can produce the bgger torque than than the Propeller-type wind turbine for power generation , but it hard to move the rotor cause it weight and the the characterristic and advantage of the Propeller-type wind turbine for power generation are it ha lesser weight than the traditional dutch windmill , but this type of rotor can produce a better torque with the machine it ha",2.0
" moment inertia about the rotor axes characteritics differ between : Moment of inertia The propeller-type wind turbine used for power generation is better than traditional Dutch windmill. A propeller-type wind turbine have a rotational direction. The relative velocity between the rotor blades and the incident wind is determined by the rotation of the blades. The incident wind speed is constant, the rotor blades are rotating at a constant speed, and the incident wind direction is perpendicular to the rotor plane. The advantages of wind power generation turbines : 1. Efficience 2. The incident wind speed is constant.",1,"['moment', 'inertia', 'about', 'the', 'rotor', 'axes', 'characteritics', 'differ', 'between', ':', 'Moment', 'of', 'inertia', 'The', 'propeller-type', 'wind', 'turbine', 'used', 'for', 'power', 'generation', 'is', 'better', 'than', 'traditional', 'Dutch', 'windmill', '.', 'A', 'propeller-type', 'wind', 'turbine', 'have', 'a', 'rotational', 'direction', '.', 'The', 'relative', 'velocity', 'between', 'the', 'rotor', 'blades', 'and', 'the', 'incident', 'wind', 'is', 'determined', 'by', 'the', 'rotation', 'of', 'the', 'blades', '.', 'The', 'incident', 'wind', 'speed', 'is', 'constant', ',', 'the', 'rotor', 'blades', 'are', 'rotating', 'at', 'a', 'constant', 'speed', ',', 'and', 'the', 'incident', 'wind', 'direction', 'is', 'perpendicular', 'to', 'the', 'rotor', 'plane', '.', 'The', 'advantages', 'of', 'wind', 'power', 'generation', 'turbines', ':', '1', '.', 'Efficience', '2', '.', 'The', 'incident', 'wind', 'speed', 'is', 'constant', '.']","['moment', 'inertia', 'about', 'the', 'rotor', 'ax', 'characteritics', 'differ', 'between', ':', 'Moment', 'of', 'inertia', 'The', 'propeller-type', 'wind', 'turbine', 'used', 'for', 'power', 'generation', 'is', 'better', 'than', 'traditional', 'Dutch', 'windmill', '.', 'A', 'propeller-type', 'wind', 'turbine', 'have', 'a', 'rotational', 'direction', '.', 'The', 'relative', 'velocity', 'between', 'the', 'rotor', 'blade', 'and', 'the', 'incident', 'wind', 'is', 'determined', 'by', 'the', 'rotation', 'of', 'the', 'blade', '.', 'The', 'incident', 'wind', 'speed', 'is', 'constant', ',', 'the', 'rotor', 'blade', 'are', 'rotating', 'at', 'a', 'constant', 'speed', ',', 'and', 'the', 'incident', 'wind', 'direction', 'is', 'perpendicular', 'to', 'the', 'rotor', 'plane', '.', 'The', 'advantage', 'of', 'wind', 'power', 'generation', 'turbine', ':', '1', '.', 'Efficience', '2', '.', 'The', 'incident', 'wind', 'speed', 'is', 'constant', '.']","moment inertia about the rotor ax characteritics differ between : Moment of inertia The propeller-type wind turbine used for power generation is better than traditional Dutch windmill . A propeller-type wind turbine have a rotational direction . The relative velocity between the rotor blade and the incident wind is determined by the rotation of the blade . The incident wind speed is constant , the rotor blade are rotating at a constant speed , and the incident wind direction is perpendicular to the rotor plane . The advantage of wind power generation turbine : 1 . Efficience 2 . The incident wind speed is constant .",1.0
" Because it has different mass, the rotor blades of wind turbine have bigger mass compared to the rotor blades of traditional windmill. the design of the rotor helps the turbine to generate the lift force even the surround condition is not good enough for the rotor to generate the force. The rotor still could rotate even when the wind rate is low",1,"['Because', 'it', 'has', 'different', 'mass', ',', 'the', 'rotor', 'blades', 'of', 'wind', 'turbine', 'have', 'bigger', 'mass', 'compared', 'to', 'the', 'rotor', 'blades', 'of', 'traditional', 'windmill', '.', 'the', 'design', 'of', 'the', 'rotor', 'helps', 'the', 'turbine', 'to', 'generate', 'the', 'lift', 'force', 'even', 'the', 'surround', 'condition', 'is', 'not', 'good', 'enough', 'for', 'the', 'rotor', 'to', 'generate', 'the', 'force', '.', 'The', 'rotor', 'still', 'could', 'rotate', 'even', 'when', 'the', 'wind', 'rate', 'is', 'low']","['Because', 'it', 'ha', 'different', 'mass', ',', 'the', 'rotor', 'blade', 'of', 'wind', 'turbine', 'have', 'bigger', 'mass', 'compared', 'to', 'the', 'rotor', 'blade', 'of', 'traditional', 'windmill', '.', 'the', 'design', 'of', 'the', 'rotor', 'help', 'the', 'turbine', 'to', 'generate', 'the', 'lift', 'force', 'even', 'the', 'surround', 'condition', 'is', 'not', 'good', 'enough', 'for', 'the', 'rotor', 'to', 'generate', 'the', 'force', '.', 'The', 'rotor', 'still', 'could', 'rotate', 'even', 'when', 'the', 'wind', 'rate', 'is', 'low']","Because it ha different mass , the rotor blade of wind turbine have bigger mass compared to the rotor blade of traditional windmill . the design of the rotor help the turbine to generate the lift force even the surround condition is not good enough for the rotor to generate the force . The rotor still could rotate even when the wind rate is low",1.0
" According to me will be choice use traditional inertia due to different to motors, for energy efficiency using a wind type propeller. My opinion for energy Propeller-type wind turbine for power generation and Traditional Dutch windmill is better, because energy efficient driving is using the first generation rather than using traditional because of moment inertia and rotor performance is much better using the first generation.",1,"['According', 'to', 'me', 'will', 'be', 'choice', 'use', 'traditional', 'inertia', 'due', 'to', 'different', 'to', 'motors', ',', 'for', 'energy', 'efficiency', 'using', 'a', 'wind', 'type', 'propeller', '.', 'My', 'opinion', 'for', 'energy', 'Propeller-type', 'wind', 'turbine', 'for', 'power', 'generation', 'and', 'Traditional', 'Dutch', 'windmill', 'is', 'better', ',', 'because', 'energy', 'efficient', 'driving', 'is', 'using', 'the', 'first', 'generation', 'rather', 'than', 'using', 'traditional', 'because', 'of', 'moment', 'inertia', 'and', 'rotor', 'performance', 'is', 'much', 'better', 'using', 'the', 'first', 'generation', '.']","['According', 'to', 'me', 'will', 'be', 'choice', 'use', 'traditional', 'inertia', 'due', 'to', 'different', 'to', 'motor', ',', 'for', 'energy', 'efficiency', 'using', 'a', 'wind', 'type', 'propeller', '.', 'My', 'opinion', 'for', 'energy', 'Propeller-type', 'wind', 'turbine', 'for', 'power', 'generation', 'and', 'Traditional', 'Dutch', 'windmill', 'is', 'better', ',', 'because', 'energy', 'efficient', 'driving', 'is', 'using', 'the', 'first', 'generation', 'rather', 'than', 'using', 'traditional', 'because', 'of', 'moment', 'inertia', 'and', 'rotor', 'performance', 'is', 'much', 'better', 'using', 'the', 'first', 'generation', '.']","According to me will be choice use traditional inertia due to different to motor , for energy efficiency using a wind type propeller . My opinion for energy Propeller-type wind turbine for power generation and Traditional Dutch windmill is better , because energy efficient driving is using the first generation rather than using traditional because of moment inertia and rotor performance is much better using the first generation .",1.0
" For the wind power generation turbine have more moments of inertia due to the wind power generation turbine has a little load from the material. So, the tip velocity of wind power generation turbine can be more higher from the traditional windmill.",1,"['For', 'the', 'wind', 'power', 'generation', 'turbine', 'have', 'more', 'moments', 'of', 'inertia', 'due', 'to', 'the', 'wind', 'power', 'generation', 'turbine', 'has', 'a', 'little', 'load', 'from', 'the', 'material', '.', 'So', ',', 'the', 'tip', 'velocity', 'of', 'wind', 'power', 'generation', 'turbine', 'can', 'be', 'more', 'higher', 'from', 'the', 'traditional', 'windmill', '.']","['For', 'the', 'wind', 'power', 'generation', 'turbine', 'have', 'more', 'moment', 'of', 'inertia', 'due', 'to', 'the', 'wind', 'power', 'generation', 'turbine', 'ha', 'a', 'little', 'load', 'from', 'the', 'material', '.', 'So', ',', 'the', 'tip', 'velocity', 'of', 'wind', 'power', 'generation', 'turbine', 'can', 'be', 'more', 'higher', 'from', 'the', 'traditional', 'windmill', '.']","For the wind power generation turbine have more moment of inertia due to the wind power generation turbine ha a little load from the material . So , the tip velocity of wind power generation turbine can be more higher from the traditional windmill .",2.0
 Momen interia wind turbine higher than traditional dutch windmill.,1,"['Momen', 'interia', 'wind', 'turbine', 'higher', 'than', 'traditional', 'dutch', 'windmill', '.']","['Momen', 'interia', 'wind', 'turbine', 'higher', 'than', 'traditional', 'dutch', 'windmill', '.']",Momen interia wind turbine higher than traditional dutch windmill .,1.0
" The rotor blades of a wind power generation turbine will have less moment of inertia about the rotor axes considering its light weight and having hollow space geometry helps a lot than traditional windmill. in case of wind power generation will depend on wind velocity. higher air velocity with low head relatively better for wind power generation since there will be higher lift force hence gives more power, in contrast lower wind velocity that carries higher head will give traditional windmill higher torque hence gives more power",2,"['The', 'rotor', 'blades', 'of', 'a', 'wind', 'power', 'generation', 'turbine', 'will', 'have', 'less', 'moment', 'of', 'inertia', 'about', 'the', 'rotor', 'axes', 'considering', 'its', 'light', 'weight', 'and', 'having', 'hollow', 'space', 'geometry', 'helps', 'a', 'lot', 'than', 'traditional', 'windmill', '.', 'in', 'case', 'of', 'wind', 'power', 'generation', 'will', 'depend', 'on', 'wind', 'velocity', '.', 'higher', 'air', 'velocity', 'with', 'low', 'head', 'relatively', 'better', 'for', 'wind', 'power', 'generation', 'since', 'there', 'will', 'be', 'higher', 'lift', 'force', 'hence', 'gives', 'more', 'power', ',', 'in', 'contrast', 'lower', 'wind', 'velocity', 'that', 'carries', 'higher', 'head', 'will', 'give', 'traditional', 'windmill', 'higher', 'torque', 'hence', 'gives', 'more', 'power']","['The', 'rotor', 'blade', 'of', 'a', 'wind', 'power', 'generation', 'turbine', 'will', 'have', 'le', 'moment', 'of', 'inertia', 'about', 'the', 'rotor', 'ax', 'considering', 'it', 'light', 'weight', 'and', 'having', 'hollow', 'space', 'geometry', 'help', 'a', 'lot', 'than', 'traditional', 'windmill', '.', 'in', 'case', 'of', 'wind', 'power', 'generation', 'will', 'depend', 'on', 'wind', 'velocity', '.', 'higher', 'air', 'velocity', 'with', 'low', 'head', 'relatively', 'better', 'for', 'wind', 'power', 'generation', 'since', 'there', 'will', 'be', 'higher', 'lift', 'force', 'hence', 'give', 'more', 'power', ',', 'in', 'contrast', 'lower', 'wind', 'velocity', 'that', 'carry', 'higher', 'head', 'will', 'give', 'traditional', 'windmill', 'higher', 'torque', 'hence', 'give', 'more', 'power']","The rotor blade of a wind power generation turbine will have le moment of inertia about the rotor ax considering it light weight and having hollow space geometry help a lot than traditional windmill . in case of wind power generation will depend on wind velocity . higher air velocity with low head relatively better for wind power generation since there will be higher lift force hence give more power , in contrast lower wind velocity that carry higher head will give traditional windmill higher torque hence give more power",2.0
" I think the moment of inertia is bigger on the traditional windmill because of the blades are made of wood and covered with canvas. Overall the wind power generation turbin is so much better because the blade are made of glass fiber so it can swing faster than the traditional one. Based on my perspective, by the material each windmill are made of, i think the modern one or the wind power generation turbine is better than the traditional one because of the better design, and the material used. The down side of the modern one i think is the material price is so much more expensive than the old one. Also now in netherlands to find the old one is harder because its located not in the big city or the capital city (based on my experience).",2,"['I', 'think', 'the', 'moment', 'of', 'inertia', 'is', 'bigger', 'on', 'the', 'traditional', 'windmill', 'because', 'of', 'the', 'blades', 'are', 'made', 'of', 'wood', 'and', 'covered', 'with', 'canvas', '.', 'Overall', 'the', 'wind', 'power', 'generation', 'turbin', 'is', 'so', 'much', 'better', 'because', 'the', 'blade', 'are', 'made', 'of', 'glass', 'fiber', 'so', 'it', 'can', 'swing', 'faster', 'than', 'the', 'traditional', 'one', '.', 'Based', 'on', 'my', 'perspective', ',', 'by', 'the', 'material', 'each', 'windmill', 'are', 'made', 'of', ',', 'i', 'think', 'the', 'modern', 'one', 'or', 'the', 'wind', 'power', 'generation', 'turbine', 'is', 'better', 'than', 'the', 'traditional', 'one', 'because', 'of', 'the', 'better', 'design', ',', 'and', 'the', 'material', 'used', '.', 'The', 'down', 'side', 'of', 'the', 'modern', 'one', 'i', 'think', 'is', 'the', 'material', 'price', 'is', 'so', 'much', 'more', 'expensive', 'than', 'the', 'old', 'one', '.', 'Also', 'now', 'in', 'netherlands', 'to', 'find', 'the', 'old', 'one', 'is', 'harder', 'because', 'its', 'located', 'not', 'in', 'the', 'big', 'city', 'or', 'the', 'capital', 'city', '(', 'based', 'on', 'my', 'experience', ')', '.']","['I', 'think', 'the', 'moment', 'of', 'inertia', 'is', 'bigger', 'on', 'the', 'traditional', 'windmill', 'because', 'of', 'the', 'blade', 'are', 'made', 'of', 'wood', 'and', 'covered', 'with', 'canvas', '.', 'Overall', 'the', 'wind', 'power', 'generation', 'turbin', 'is', 'so', 'much', 'better', 'because', 'the', 'blade', 'are', 'made', 'of', 'glass', 'fiber', 'so', 'it', 'can', 'swing', 'faster', 'than', 'the', 'traditional', 'one', '.', 'Based', 'on', 'my', 'perspective', ',', 'by', 'the', 'material', 'each', 'windmill', 'are', 'made', 'of', ',', 'i', 'think', 'the', 'modern', 'one', 'or', 'the', 'wind', 'power', 'generation', 'turbine', 'is', 'better', 'than', 'the', 'traditional', 'one', 'because', 'of', 'the', 'better', 'design', ',', 'and', 'the', 'material', 'used', '.', 'The', 'down', 'side', 'of', 'the', 'modern', 'one', 'i', 'think', 'is', 'the', 'material', 'price', 'is', 'so', 'much', 'more', 'expensive', 'than', 'the', 'old', 'one', '.', 'Also', 'now', 'in', 'netherlands', 'to', 'find', 'the', 'old', 'one', 'is', 'harder', 'because', 'it', 'located', 'not', 'in', 'the', 'big', 'city', 'or', 'the', 'capital', 'city', '(', 'based', 'on', 'my', 'experience', ')', '.']","I think the moment of inertia is bigger on the traditional windmill because of the blade are made of wood and covered with canvas . Overall the wind power generation turbin is so much better because the blade are made of glass fiber so it can swing faster than the traditional one . Based on my perspective , by the material each windmill are made of , i think the modern one or the wind power generation turbine is better than the traditional one because of the better design , and the material used . The down side of the modern one i think is the material price is so much more expensive than the old one . Also now in netherlands to find the old one is harder because it located not in the big city or the capital city ( based on my experience ) .",2.0
" Momen inertia is depend on the force given on blades and the length of the blades itself, so if the cross sectional area of the wind turbine and the traditional windmill have the same size and same length of blade i think they both have the same moment inertia. But with the concept of aerodynamic, wind turbine power generation can receive more lift force cause the shape is more narrow and aerodynamic than the traditional type. the main advantages of wind power generation turbine is because the selection material used (glass fiber reinforced) has good mechanical properties. made with the light weight material but has a strength structure. And the structure design of wind turbine is more aerodynamic that made the wind turbine receive more lift force than traditional windmill",2,"['Momen', 'inertia', 'is', 'depend', 'on', 'the', 'force', 'given', 'on', 'blades', 'and', 'the', 'length', 'of', 'the', 'blades', 'itself', ',', 'so', 'if', 'the', 'cross', 'sectional', 'area', 'of', 'the', 'wind', 'turbine', 'and', 'the', 'traditional', 'windmill', 'have', 'the', 'same', 'size', 'and', 'same', 'length', 'of', 'blade', 'i', 'think', 'they', 'both', 'have', 'the', 'same', 'moment', 'inertia', '.', 'But', 'with', 'the', 'concept', 'of', 'aerodynamic', ',', 'wind', 'turbine', 'power', 'generation', 'can', 'receive', 'more', 'lift', 'force', 'cause', 'the', 'shape', 'is', 'more', 'narrow', 'and', 'aerodynamic', 'than', 'the', 'traditional', 'type', '.', 'the', 'main', 'advantages', 'of', 'wind', 'power', 'generation', 'turbine', 'is', 'because', 'the', 'selection', 'material', 'used', '(', 'glass', 'fiber', 'reinforced', ')', 'has', 'good', 'mechanical', 'properties', '.', 'made', 'with', 'the', 'light', 'weight', 'material', 'but', 'has', 'a', 'strength', 'structure', '.', 'And', 'the', 'structure', 'design', 'of', 'wind', 'turbine', 'is', 'more', 'aerodynamic', 'that', 'made', 'the', 'wind', 'turbine', 'receive', 'more', 'lift', 'force', 'than', 'traditional', 'windmill']","['Momen', 'inertia', 'is', 'depend', 'on', 'the', 'force', 'given', 'on', 'blade', 'and', 'the', 'length', 'of', 'the', 'blade', 'itself', ',', 'so', 'if', 'the', 'cross', 'sectional', 'area', 'of', 'the', 'wind', 'turbine', 'and', 'the', 'traditional', 'windmill', 'have', 'the', 'same', 'size', 'and', 'same', 'length', 'of', 'blade', 'i', 'think', 'they', 'both', 'have', 'the', 'same', 'moment', 'inertia', '.', 'But', 'with', 'the', 'concept', 'of', 'aerodynamic', ',', 'wind', 'turbine', 'power', 'generation', 'can', 'receive', 'more', 'lift', 'force', 'cause', 'the', 'shape', 'is', 'more', 'narrow', 'and', 'aerodynamic', 'than', 'the', 'traditional', 'type', '.', 'the', 'main', 'advantage', 'of', 'wind', 'power', 'generation', 'turbine', 'is', 'because', 'the', 'selection', 'material', 'used', '(', 'glass', 'fiber', 'reinforced', ')', 'ha', 'good', 'mechanical', 'property', '.', 'made', 'with', 'the', 'light', 'weight', 'material', 'but', 'ha', 'a', 'strength', 'structure', '.', 'And', 'the', 'structure', 'design', 'of', 'wind', 'turbine', 'is', 'more', 'aerodynamic', 'that', 'made', 'the', 'wind', 'turbine', 'receive', 'more', 'lift', 'force', 'than', 'traditional', 'windmill']","Momen inertia is depend on the force given on blade and the length of the blade itself , so if the cross sectional area of the wind turbine and the traditional windmill have the same size and same length of blade i think they both have the same moment inertia . But with the concept of aerodynamic , wind turbine power generation can receive more lift force cause the shape is more narrow and aerodynamic than the traditional type . the main advantage of wind power generation turbine is because the selection material used ( glass fiber reinforced ) ha good mechanical property . made with the light weight material but ha a strength structure . And the structure design of wind turbine is more aerodynamic that made the wind turbine receive more lift force than traditional windmill",2.0
 The moment inertia of rotor blade in wind power generation turbine less than moment inertia in traditional windmill turbine. Because the materials on wind power generation use fiber-glass reinforcement with the weight more less than wood in traditional windmill turbine. And the hollow space in blade make the mass of the blade less use the canvas from wooden framework.The Characteristics of the wind power generation use the force from the wind to convert to rotational torque. Lift force and drag force are convert to any energy and make the power generation turbine more efficiency than use the traditional turbine. The power generator turbine use generator for generate the energy from any wind force the the wind contact with the blade of rotor . The Advantages of power generation turbine is more efficiency turbine because the blade can convert all force from wind and the generator in this turbine can generated the force to rotational torque and produce more energy than use the traditional turbine,2,"['The', 'moment', 'inertia', 'of', 'rotor', 'blade', 'in', 'wind', 'power', 'generation', 'turbine', 'less', 'than', 'moment', 'inertia', 'in', 'traditional', 'windmill', 'turbine', '.', 'Because', 'the', 'materials', 'on', 'wind', 'power', 'generation', 'use', 'fiber-glass', 'reinforcement', 'with', 'the', 'weight', 'more', 'less', 'than', 'wood', 'in', 'traditional', 'windmill', 'turbine', '.', 'And', 'the', 'hollow', 'space', 'in', 'blade', 'make', 'the', 'mass', 'of', 'the', 'blade', 'less', 'use', 'the', 'canvas', 'from', 'wooden', 'framework.The', 'Characteristics', 'of', 'the', 'wind', 'power', 'generation', 'use', 'the', 'force', 'from', 'the', 'wind', 'to', 'convert', 'to', 'rotational', 'torque', '.', 'Lift', 'force', 'and', 'drag', 'force', 'are', 'convert', 'to', 'any', 'energy', 'and', 'make', 'the', 'power', 'generation', 'turbine', 'more', 'efficiency', 'than', 'use', 'the', 'traditional', 'turbine', '.', 'The', 'power', 'generator', 'turbine', 'use', 'generator', 'for', 'generate', 'the', 'energy', 'from', 'any', 'wind', 'force', 'the', 'the', 'wind', 'contact', 'with', 'the', 'blade', 'of', 'rotor', '.', 'The', 'Advantages', 'of', 'power', 'generation', 'turbine', 'is', 'more', 'efficiency', 'turbine', 'because', 'the', 'blade', 'can', 'convert', 'all', 'force', 'from', 'wind', 'and', 'the', 'generator', 'in', 'this', 'turbine', 'can', 'generated', 'the', 'force', 'to', 'rotational', 'torque', 'and', 'produce', 'more', 'energy', 'than', 'use', 'the', 'traditional', 'turbine']","['The', 'moment', 'inertia', 'of', 'rotor', 'blade', 'in', 'wind', 'power', 'generation', 'turbine', 'le', 'than', 'moment', 'inertia', 'in', 'traditional', 'windmill', 'turbine', '.', 'Because', 'the', 'material', 'on', 'wind', 'power', 'generation', 'use', 'fiber-glass', 'reinforcement', 'with', 'the', 'weight', 'more', 'le', 'than', 'wood', 'in', 'traditional', 'windmill', 'turbine', '.', 'And', 'the', 'hollow', 'space', 'in', 'blade', 'make', 'the', 'mass', 'of', 'the', 'blade', 'le', 'use', 'the', 'canvas', 'from', 'wooden', 'framework.The', 'Characteristics', 'of', 'the', 'wind', 'power', 'generation', 'use', 'the', 'force', 'from', 'the', 'wind', 'to', 'convert', 'to', 'rotational', 'torque', '.', 'Lift', 'force', 'and', 'drag', 'force', 'are', 'convert', 'to', 'any', 'energy', 'and', 'make', 'the', 'power', 'generation', 'turbine', 'more', 'efficiency', 'than', 'use', 'the', 'traditional', 'turbine', '.', 'The', 'power', 'generator', 'turbine', 'use', 'generator', 'for', 'generate', 'the', 'energy', 'from', 'any', 'wind', 'force', 'the', 'the', 'wind', 'contact', 'with', 'the', 'blade', 'of', 'rotor', '.', 'The', 'Advantages', 'of', 'power', 'generation', 'turbine', 'is', 'more', 'efficiency', 'turbine', 'because', 'the', 'blade', 'can', 'convert', 'all', 'force', 'from', 'wind', 'and', 'the', 'generator', 'in', 'this', 'turbine', 'can', 'generated', 'the', 'force', 'to', 'rotational', 'torque', 'and', 'produce', 'more', 'energy', 'than', 'use', 'the', 'traditional', 'turbine']",The moment inertia of rotor blade in wind power generation turbine le than moment inertia in traditional windmill turbine . Because the material on wind power generation use fiber-glass reinforcement with the weight more le than wood in traditional windmill turbine . And the hollow space in blade make the mass of the blade le use the canvas from wooden framework.The Characteristics of the wind power generation use the force from the wind to convert to rotational torque . Lift force and drag force are convert to any energy and make the power generation turbine more efficiency than use the traditional turbine . The power generator turbine use generator for generate the energy from any wind force the the wind contact with the blade of rotor . The Advantages of power generation turbine is more efficiency turbine because the blade can convert all force from wind and the generator in this turbine can generated the force to rotational torque and produce more energy than use the traditional turbine,2.0
" The wind power generation turbine has lighter blades because the blades are made of glass fiber-reinforced plastic. glass fiber-reinforced plastic is lighter than composed of a wooden framework covered with canvas. the wind power generation turbine also has internal hollow space, it makes the wind power generation turbine has a lighter mass. So, the moments of inertia of the wind power generation turbine are smaller because there is mass in the formula of moments of inertia.wind power generation turbines are easier to rotate because has a lighter mass. Also, it has more efficient performance.",2,"['The', 'wind', 'power', 'generation', 'turbine', 'has', 'lighter', 'blades', 'because', 'the', 'blades', 'are', 'made', 'of', 'glass', 'fiber-reinforced', 'plastic', '.', 'glass', 'fiber-reinforced', 'plastic', 'is', 'lighter', 'than', 'composed', 'of', 'a', 'wooden', 'framework', 'covered', 'with', 'canvas', '.', 'the', 'wind', 'power', 'generation', 'turbine', 'also', 'has', 'internal', 'hollow', 'space', ',', 'it', 'makes', 'the', 'wind', 'power', 'generation', 'turbine', 'has', 'a', 'lighter', 'mass', '.', 'So', ',', 'the', 'moments', 'of', 'inertia', 'of', 'the', 'wind', 'power', 'generation', 'turbine', 'are', 'smaller', 'because', 'there', 'is', 'mass', 'in', 'the', 'formula', 'of', 'moments', 'of', 'inertia.wind', 'power', 'generation', 'turbines', 'are', 'easier', 'to', 'rotate', 'because', 'has', 'a', 'lighter', 'mass', '.', 'Also', ',', 'it', 'has', 'more', 'efficient', 'performance', '.']","['The', 'wind', 'power', 'generation', 'turbine', 'ha', 'lighter', 'blade', 'because', 'the', 'blade', 'are', 'made', 'of', 'glass', 'fiber-reinforced', 'plastic', '.', 'glass', 'fiber-reinforced', 'plastic', 'is', 'lighter', 'than', 'composed', 'of', 'a', 'wooden', 'framework', 'covered', 'with', 'canvas', '.', 'the', 'wind', 'power', 'generation', 'turbine', 'also', 'ha', 'internal', 'hollow', 'space', ',', 'it', 'make', 'the', 'wind', 'power', 'generation', 'turbine', 'ha', 'a', 'lighter', 'mass', '.', 'So', ',', 'the', 'moment', 'of', 'inertia', 'of', 'the', 'wind', 'power', 'generation', 'turbine', 'are', 'smaller', 'because', 'there', 'is', 'mass', 'in', 'the', 'formula', 'of', 'moment', 'of', 'inertia.wind', 'power', 'generation', 'turbine', 'are', 'easier', 'to', 'rotate', 'because', 'ha', 'a', 'lighter', 'mass', '.', 'Also', ',', 'it', 'ha', 'more', 'efficient', 'performance', '.']","The wind power generation turbine ha lighter blade because the blade are made of glass fiber-reinforced plastic . glass fiber-reinforced plastic is lighter than composed of a wooden framework covered with canvas . the wind power generation turbine also ha internal hollow space , it make the wind power generation turbine ha a lighter mass . So , the moment of inertia of the wind power generation turbine are smaller because there is mass in the formula of moment of inertia.wind power generation turbine are easier to rotate because ha a lighter mass . Also , it ha more efficient performance .",2.0
" With the differentiation between these two types of turbines especially from their material, the rotor blades of a wind power generation turbine should have a better moments inertia compared to the traditional Dutch windmill. It is caused by the material of wind turbine power generation which is glass fiber-reinforced plastic covering a rib-supported internal hollow space is lighter than wooden framework covered with canvas and it makes the rotor can rotate more efficient because the torque is also big. . With the material of wind turbine power generation which is glass fiber-reinforced plastic covering a rib-supported internal hollow space is lighter than the traditional Dutch windmill, this turbine has an advantage such as the rotor can have a better performance because the moment inertia of this rotor is bigger than the traditional one. ",2,"['With', 'the', 'differentiation', 'between', 'these', 'two', 'types', 'of', 'turbines', 'especially', 'from', 'their', 'material', ',', 'the', 'rotor', 'blades', 'of', 'a', 'wind', 'power', 'generation', 'turbine', 'should', 'have', 'a', 'better', 'moments', 'inertia', 'compared', 'to', 'the', 'traditional', 'Dutch', 'windmill', '.', 'It', 'is', 'caused', 'by', 'the', 'material', 'of', 'wind', 'turbine', 'power', 'generation', 'which', 'is', 'glass', 'fiber-reinforced', 'plastic', 'covering', 'a', 'rib-supported', 'internal', 'hollow', 'space', 'is', 'lighter', 'than', 'wooden', 'framework', 'covered', 'with', 'canvas', 'and', 'it', 'makes', 'the', 'rotor', 'can', 'rotate', 'more', 'efficient', 'because', 'the', 'torque', 'is', 'also', 'big', '.', '.', 'With', 'the', 'material', 'of', 'wind', 'turbine', 'power', 'generation', 'which', 'is', 'glass', 'fiber-reinforced', 'plastic', 'covering', 'a', 'rib-supported', 'internal', 'hollow', 'space', 'is', 'lighter', 'than', 'the', 'traditional', 'Dutch', 'windmill', ',', 'this', 'turbine', 'has', 'an', 'advantage', 'such', 'as', 'the', 'rotor', 'can', 'have', 'a', 'better', 'performance', 'because', 'the', 'moment', 'inertia', 'of', 'this', 'rotor', 'is', 'bigger', 'than', 'the', 'traditional', 'one', '.']","['With', 'the', 'differentiation', 'between', 'these', 'two', 'type', 'of', 'turbine', 'especially', 'from', 'their', 'material', ',', 'the', 'rotor', 'blade', 'of', 'a', 'wind', 'power', 'generation', 'turbine', 'should', 'have', 'a', 'better', 'moment', 'inertia', 'compared', 'to', 'the', 'traditional', 'Dutch', 'windmill', '.', 'It', 'is', 'caused', 'by', 'the', 'material', 'of', 'wind', 'turbine', 'power', 'generation', 'which', 'is', 'glass', 'fiber-reinforced', 'plastic', 'covering', 'a', 'rib-supported', 'internal', 'hollow', 'space', 'is', 'lighter', 'than', 'wooden', 'framework', 'covered', 'with', 'canvas', 'and', 'it', 'make', 'the', 'rotor', 'can', 'rotate', 'more', 'efficient', 'because', 'the', 'torque', 'is', 'also', 'big', '.', '.', 'With', 'the', 'material', 'of', 'wind', 'turbine', 'power', 'generation', 'which', 'is', 'glass', 'fiber-reinforced', 'plastic', 'covering', 'a', 'rib-supported', 'internal', 'hollow', 'space', 'is', 'lighter', 'than', 'the', 'traditional', 'Dutch', 'windmill', ',', 'this', 'turbine', 'ha', 'an', 'advantage', 'such', 'a', 'the', 'rotor', 'can', 'have', 'a', 'better', 'performance', 'because', 'the', 'moment', 'inertia', 'of', 'this', 'rotor', 'is', 'bigger', 'than', 'the', 'traditional', 'one', '.']","With the differentiation between these two type of turbine especially from their material , the rotor blade of a wind power generation turbine should have a better moment inertia compared to the traditional Dutch windmill . It is caused by the material of wind turbine power generation which is glass fiber-reinforced plastic covering a rib-supported internal hollow space is lighter than wooden framework covered with canvas and it make the rotor can rotate more efficient because the torque is also big . . With the material of wind turbine power generation which is glass fiber-reinforced plastic covering a rib-supported internal hollow space is lighter than the traditional Dutch windmill , this turbine ha an advantage such a the rotor can have a better performance because the moment inertia of this rotor is bigger than the traditional one .",2.0
" Moments of inertia about the rotor axes differ between these wind turbines. The cross-sections of a rotor blade are different in shape and size, at the Propeller-type wind turbine is narrower and more tapered and for Traditional Dutch windmill the shape is wider, and size is large. Also, the blade angles are different for these two types of turbines. The moment inertia in Propeller-type > Traditional Dutch windmill. Characteristics Propeller-type wind turbine is in the rotor blades of these wind turbines. Airflow over the surfaces of a rotor blade creates lift and drag forces. Advantage: More rigid, Lighter weight, The moment inertia large. Characteristics Traditional Dutch windmill the airflow over the blade transforms drag force into rotational torque. Advantage: Not cost high for the manufacturing",2,"['Moments', 'of', 'inertia', 'about', 'the', 'rotor', 'axes', 'differ', 'between', 'these', 'wind', 'turbines', '.', 'The', 'cross-sections', 'of', 'a', 'rotor', 'blade', 'are', 'different', 'in', 'shape', 'and', 'size', ',', 'at', 'the', 'Propeller-type', 'wind', 'turbine', 'is', 'narrower', 'and', 'more', 'tapered', 'and', 'for', 'Traditional', 'Dutch', 'windmill', 'the', 'shape', 'is', 'wider', ',', 'and', 'size', 'is', 'large', '.', 'Also', ',', 'the', 'blade', 'angles', 'are', 'different', 'for', 'these', 'two', 'types', 'of', 'turbines', '.', 'The', 'moment', 'inertia', 'in', 'Propeller-type', '>', 'Traditional', 'Dutch', 'windmill', '.', 'Characteristics', 'Propeller-type', 'wind', 'turbine', 'is', 'in', 'the', 'rotor', 'blades', 'of', 'these', 'wind', 'turbines', '.', 'Airflow', 'over', 'the', 'surfaces', 'of', 'a', 'rotor', 'blade', 'creates', 'lift', 'and', 'drag', 'forces', '.', 'Advantage', ':', 'More', 'rigid', ',', 'Lighter', 'weight', ',', 'The', 'moment', 'inertia', 'large', '.', 'Characteristics', 'Traditional', 'Dutch', 'windmill', 'the', 'airflow', 'over', 'the', 'blade', 'transforms', 'drag', 'force', 'into', 'rotational', 'torque', '.', 'Advantage', ':', 'Not', 'cost', 'high', 'for', 'the', 'manufacturing']","['Moments', 'of', 'inertia', 'about', 'the', 'rotor', 'ax', 'differ', 'between', 'these', 'wind', 'turbine', '.', 'The', 'cross-sections', 'of', 'a', 'rotor', 'blade', 'are', 'different', 'in', 'shape', 'and', 'size', ',', 'at', 'the', 'Propeller-type', 'wind', 'turbine', 'is', 'narrower', 'and', 'more', 'tapered', 'and', 'for', 'Traditional', 'Dutch', 'windmill', 'the', 'shape', 'is', 'wider', ',', 'and', 'size', 'is', 'large', '.', 'Also', ',', 'the', 'blade', 'angle', 'are', 'different', 'for', 'these', 'two', 'type', 'of', 'turbine', '.', 'The', 'moment', 'inertia', 'in', 'Propeller-type', '>', 'Traditional', 'Dutch', 'windmill', '.', 'Characteristics', 'Propeller-type', 'wind', 'turbine', 'is', 'in', 'the', 'rotor', 'blade', 'of', 'these', 'wind', 'turbine', '.', 'Airflow', 'over', 'the', 'surface', 'of', 'a', 'rotor', 'blade', 'creates', 'lift', 'and', 'drag', 'force', '.', 'Advantage', ':', 'More', 'rigid', ',', 'Lighter', 'weight', ',', 'The', 'moment', 'inertia', 'large', '.', 'Characteristics', 'Traditional', 'Dutch', 'windmill', 'the', 'airflow', 'over', 'the', 'blade', 'transforms', 'drag', 'force', 'into', 'rotational', 'torque', '.', 'Advantage', ':', 'Not', 'cost', 'high', 'for', 'the', 'manufacturing']","Moments of inertia about the rotor ax differ between these wind turbine . The cross-sections of a rotor blade are different in shape and size , at the Propeller-type wind turbine is narrower and more tapered and for Traditional Dutch windmill the shape is wider , and size is large . Also , the blade angle are different for these two type of turbine . The moment inertia in Propeller-type > Traditional Dutch windmill . Characteristics Propeller-type wind turbine is in the rotor blade of these wind turbine . Airflow over the surface of a rotor blade creates lift and drag force . Advantage : More rigid , Lighter weight , The moment inertia large . Characteristics Traditional Dutch windmill the airflow over the blade transforms drag force into rotational torque . Advantage : Not cost high for the manufacturing",2.0
